Statistic,Quarter,Ireland,value
Household total disposable Income (TDI = B.6G+D.8),1999Q1,Ireland,11868.98
Household total disposable Income (TDI = B.6G+D.8),1999Q2,Ireland,10623.73
Household total disposable Income (TDI = B.6G+D.8),1999Q3,Ireland,12655.65
Household total disposable Income (TDI = B.6G+D.8),1999Q4,Ireland,12161.58
Household total disposable Income (TDI = B.6G+D.8),2000Q1,Ireland,12556.97
Household total disposable Income (TDI = B.6G+D.8),2000Q2,Ireland,12938.28
Household total disposable Income (TDI = B.6G+D.8),2000Q3,Ireland,14009.75
Household total disposable Income (TDI = B.6G+D.8),2000Q4,Ireland,13382.55
Household total disposable Income (TDI = B.6G+D.8),2001Q1,Ireland,14504.87
Household total disposable Income (TDI = B.6G+D.8),2001Q2,Ireland,15101.49
Household total disposable Income (TDI = B.6G+D.8),2001Q3,Ireland,15995.81
Household total disposable Income (TDI = B.6G+D.8),2001Q4,Ireland,14892.35
Household total disposable Income (TDI = B.6G+D.8),2002Q1,Ireland,15433.77
Household total disposable Income (TDI = B.6G+D.8),2002Q2,Ireland,16743.0
Household total disposable Income (TDI = B.6G+D.8),2002Q3,Ireland,16903.19
Household total disposable Income (TDI = B.6G+D.8),2002Q4,Ireland,15753.49
Household total disposable Income (TDI = B.6G+D.8),2003Q1,Ireland,17063.04
Household total disposable Income (TDI = B.6G+D.8),2003Q2,Ireland,18080.39
Household total disposable Income (TDI = B.6G+D.8),2003Q3,Ireland,18093.52
Household total disposable Income (TDI = B.6G+D.8),2003Q4,Ireland,17090.9
Household total disposable Income (TDI = B.6G+D.8),2004Q1,Ireland,18183.47
Household total disposable Income (TDI = B.6G+D.8),2004Q2,Ireland,19264.23
Household total disposable Income (TDI = B.6G+D.8),2004Q3,Ireland,19459.7
Household total disposable Income (TDI = B.6G+D.8),2004Q4,Ireland,18292.01
Household total disposable Income (TDI = B.6G+D.8),2005Q1,Ireland,19983.91
Household total disposable Income (TDI = B.6G+D.8),2005Q2,Ireland,21561.71
Household total disposable Income (TDI = B.6G+D.8),2005Q3,Ireland,21168.9
Household total disposable Income (TDI = B.6G+D.8),2005Q4,Ireland,19815.79
Household total disposable Income (TDI = B.6G+D.8),2006Q1,Ireland,21872.19
Household total disposable Income (TDI = B.6G+D.8),2006Q2,Ireland,23660.81
Household total disposable Income (TDI = B.6G+D.8),2006Q3,Ireland,22859.42
Household total disposable Income (TDI = B.6G+D.8),2006Q4,Ireland,20484.45
Household total disposable Income (TDI = B.6G+D.8),2007Q1,Ireland,23408.4
Household total disposable Income (TDI = B.6G+D.8),2007Q2,Ireland,25053.89
Household total disposable Income (TDI = B.6G+D.8),2007Q3,Ireland,25089.81
Household total disposable Income (TDI = B.6G+D.8),2007Q4,Ireland,22912.18
Household total disposable Income (TDI = B.6G+D.8),2008Q1,Ireland,25388.29
Household total disposable Income (TDI = B.6G+D.8),2008Q2,Ireland,27009.91
Household total disposable Income (TDI = B.6G+D.8),2008Q3,Ireland,26253.66
Household total disposable Income (TDI = B.6G+D.8),2008Q4,Ireland,23649.33
Household total disposable Income (TDI = B.6G+D.8),2009Q1,Ireland,24548.64
Household total disposable Income (TDI = B.6G+D.8),2009Q2,Ireland,24743.26
Household total disposable Income (TDI = B.6G+D.8),2009Q3,Ireland,23976.87
Household total disposable Income (TDI = B.6G+D.8),2009Q4,Ireland,21645.88
Household total disposable Income (TDI = B.6G+D.8),2010Q1,Ireland,23294.16
Household total disposable Income (TDI = B.6G+D.8),2010Q2,Ireland,23837.04
Household total disposable Income (TDI = B.6G+D.8),2010Q3,Ireland,23022.57
Household total disposable Income (TDI = B.6G+D.8),2010Q4,Ireland,21572.32
Household total disposable Income (TDI = B.6G+D.8),2011Q1,Ireland,22537.01
Household total disposable Income (TDI = B.6G+D.8),2011Q2,Ireland,23157.08
Household total disposable Income (TDI = B.6G+D.8),2011Q3,Ireland,22505.3
Household total disposable Income (TDI = B.6G+D.8),2011Q4,Ireland,22326.5
Household total disposable Income (TDI = B.6G+D.8),2012Q1,Ireland,23056.11
Household total disposable Income (TDI = B.6G+D.8),2012Q2,Ireland,23414.51
Household total disposable Income (TDI = B.6G+D.8),2012Q3,Ireland,23409.72
Household total disposable Income (TDI = B.6G+D.8),2012Q4,Ireland,22992.22
Household total disposable Income (TDI = B.6G+D.8),2013Q1,Ireland,22713.33
Household total disposable Income (TDI = B.6G+D.8),2013Q2,Ireland,23557.94
Household total disposable Income (TDI = B.6G+D.8),2013Q3,Ireland,23023.29
Household total disposable Income (TDI = B.6G+D.8),2013Q4,Ireland,22882.91
Household total disposable Income (TDI = B.6G+D.8),2014Q1,Ireland,23260.4
Household total disposable Income (TDI = B.6G+D.8),2014Q2,Ireland,23880.15
Household total disposable Income (TDI = B.6G+D.8),2014Q3,Ireland,23566.0
Household total disposable Income (TDI = B.6G+D.8),2014Q4,Ireland,23364.68
Household total disposable Income (TDI = B.6G+D.8),2015Q1,Ireland,23978.08
Household total disposable Income (TDI = B.6G+D.8),2015Q2,Ireland,25411.35
Household total disposable Income (TDI = B.6G+D.8),2015Q3,Ireland,25301.91
Household total disposable Income (TDI = B.6G+D.8),2015Q4,Ireland,24150.67
Household total disposable Income (TDI = B.6G+D.8),2016Q1,Ireland,25173.05
Household total disposable Income (TDI = B.6G+D.8),2016Q2,Ireland,26023.86
Household total disposable Income (TDI = B.6G+D.8),2016Q3,Ireland,26685.22
Household total disposable Income (TDI = B.6G+D.8),2016Q4,Ireland,25387.51
Household total disposable Income (TDI = B.6G+D.8),2017Q1,Ireland,26933.2
Household total disposable Income (TDI = B.6G+D.8),2017Q2,Ireland,27841.43
Household total disposable Income (TDI = B.6G+D.8),2017Q3,Ireland,28385.67
Household total disposable Income (TDI = B.6G+D.8),2017Q4,Ireland,27274.04
Household total disposable Income (TDI = B.6G+D.8),2018Q1,Ireland,27718.33
Household total disposable Income (TDI = B.6G+D.8),2018Q2,Ireland,29417.82
Household total disposable Income (TDI = B.6G+D.8),2018Q3,Ireland,29711.98
Household total disposable Income (TDI = B.6G+D.8),2018Q4,Ireland,28753.48
Household total disposable Income (TDI = B.6G+D.8),2019Q1,Ireland,29806.14
Household total disposable Income (TDI = B.6G+D.8),2019Q2,Ireland,31215.65
Household total disposable Income (TDI = B.6G+D.8),2019Q3,Ireland,30892.66
Household total disposable Income (TDI = B.6G+D.8),2019Q4,Ireland,30684.93
Household total disposable Income (TDI = B.6G+D.8),2020Q1,Ireland,32856.59
Household total disposable Income (TDI = B.6G+D.8),2020Q2,Ireland,32515.86
Household total disposable Income (TDI = B.6G+D.8),2020Q3,Ireland,31517.04
Household total disposable Income (TDI = B.6G+D.8),2020Q4,Ireland,31173.78
Household total disposable Income (TDI = B.6G+D.8),2021Q1,Ireland,32354.87
Household total disposable Income (TDI = B.6G+D.8),2021Q2,Ireland,34667.98
Household total disposable Income (TDI = B.6G+D.8),2021Q3,Ireland,35442.07
Household total disposable Income (TDI = B.6G+D.8),2021Q4,Ireland,34075.59
Household total disposable Income (TDI = B.6G+D.8),2022Q1,Ireland,35056.72
Household total disposable Income (TDI = B.6G+D.8),2022Q2,Ireland,37842.33
Household total disposable Income (TDI = B.6G+D.8),2022Q3,Ireland,38509.27
Household total disposable Income (TDI = B.6G+D.8),2022Q4,Ireland,37078.36
Household total disposable Income (TDI = B.6G+D.8),2023Q1,Ireland,39950.94
Household total disposable Income (TDI = B.6G+D.8),2023Q2,Ireland,41868.22
Household total disposable Income (TDI = B.6G+D.8),2023Q3,Ireland,42372.11
Household total disposable Income (TDI = B.6G+D.8),2023Q4,Ireland,40942.86
Household total disposable Income (TDI = B.6G+D.8),2024Q1,Ireland,43644.42
Household total disposable Income (TDI = B.6G+D.8),2024Q2,Ireland,44044.26
Household total disposable Income (TDI = B.6G+D.8),2024Q3,Ireland,45251.32
Household total disposable Income (TDI = B.6G+D.8),2024Q4,Ireland,44303.2
Household total disposable Income (TDI = B.6G+D.8),2025Q1,Ireland,45934.63
Household total disposable Income (TDI = B.6G+D.8)(Seasonally Adjusted),1999Q1,Ireland,11964.37
Household total disposable Income (TDI = B.6G+D.8)(Seasonally Adjusted),1999Q2,Ireland,10569.57
Household total disposable Income (TDI = B.6G+D.8)(Seasonally Adjusted),1999Q3,Ireland,12038.06
Household total disposable Income (TDI = B.6G+D.8)(Seasonally Adjusted),1999Q4,Ireland,12739.18
Household total disposable Income (TDI = B.6G+D.8)(Seasonally Adjusted),2000Q1,Ireland,12677.75
Household total disposable Income (TDI = B.6G+D.8)(Seasonally Adjusted),2000Q2,Ireland,12823.02
Household total disposable Income (TDI = B.6G+D.8)(Seasonally Adjusted),2000Q3,Ireland,13392.35
Household total disposable Income (TDI = B.6G+D.8)(Seasonally Adjusted),2000Q4,Ireland,14039.49
Household total disposable Income (TDI = B.6G+D.8)(Seasonally Adjusted),2001Q1,Ireland,14635.81
Household total disposable Income (TDI = B.6G+D.8)(Seasonally Adjusted),2001Q2,Ireland,14854.71
Household total disposable Income (TDI = B.6G+D.8)(Seasonally Adjusted),2001Q3,Ireland,15407.62
Household total disposable Income (TDI = B.6G+D.8)(Seasonally Adjusted),2001Q4,Ireland,15662.15
Household total disposable Income (TDI = B.6G+D.8)(Seasonally Adjusted),2002Q1,Ireland,15582.71
Household total disposable Income (TDI = B.6G+D.8)(Seasonally Adjusted),2002Q2,Ireland,16300.03
Household total disposable Income (TDI = B.6G+D.8)(Seasonally Adjusted),2002Q3,Ireland,16370.62
Household total disposable Income (TDI = B.6G+D.8)(Seasonally Adjusted),2002Q4,Ireland,16676.16
Household total disposable Income (TDI = B.6G+D.8)(Seasonally Adjusted),2003Q1,Ireland,17194.02
Household total disposable Income (TDI = B.6G+D.8)(Seasonally Adjusted),2003Q2,Ireland,17439.73
Household total disposable Income (TDI = B.6G+D.8)(Seasonally Adjusted),2003Q3,Ireland,17625.36
Household total disposable Income (TDI = B.6G+D.8)(Seasonally Adjusted),2003Q4,Ireland,18162.09
Household total disposable Income (TDI = B.6G+D.8)(Seasonally Adjusted),2004Q1,Ireland,18303.51
Household total disposable Income (TDI = B.6G+D.8)(Seasonally Adjusted),2004Q2,Ireland,18429.39
Household total disposable Income (TDI = B.6G+D.8)(Seasonally Adjusted),2004Q3,Ireland,19028.74
Household total disposable Income (TDI = B.6G+D.8)(Seasonally Adjusted),2004Q4,Ireland,19544.6
Household total disposable Income (TDI = B.6G+D.8)(Seasonally Adjusted),2005Q1,Ireland,20067.04
Household total disposable Income (TDI = B.6G+D.8)(Seasonally Adjusted),2005Q2,Ireland,20567.81
Household total disposable Income (TDI = B.6G+D.8)(Seasonally Adjusted),2005Q3,Ireland,20750.03
Household total disposable Income (TDI = B.6G+D.8)(Seasonally Adjusted),2005Q4,Ireland,21231.52
Household total disposable Income (TDI = B.6G+D.8)(Seasonally Adjusted),2006Q1,Ireland,21926.68
Household total disposable Income (TDI = B.6G+D.8)(Seasonally Adjusted),2006Q2,Ireland,22557.92
Household total disposable Income (TDI = B.6G+D.8)(Seasonally Adjusted),2006Q3,Ireland,22428.7
Household total disposable Income (TDI = B.6G+D.8)(Seasonally Adjusted),2006Q4,Ireland,22019.03
Household total disposable Income (TDI = B.6G+D.8)(Seasonally Adjusted),2007Q1,Ireland,23417.42
Household total disposable Income (TDI = B.6G+D.8)(Seasonally Adjusted),2007Q2,Ireland,23945.14
Household total disposable Income (TDI = B.6G+D.8)(Seasonally Adjusted),2007Q3,Ireland,24629.68
Household total disposable Income (TDI = B.6G+D.8)(Seasonally Adjusted),2007Q4,Ireland,24486.14
Household total disposable Income (TDI = B.6G+D.8)(Seasonally Adjusted),2008Q1,Ireland,25351.04
Household total disposable Income (TDI = B.6G+D.8)(Seasonally Adjusted),2008Q2,Ireland,25958.88
Household total disposable Income (TDI = B.6G+D.8)(Seasonally Adjusted),2008Q3,Ireland,25809.4
Household total disposable Income (TDI = B.6G+D.8)(Seasonally Adjusted),2008Q4,Ireland,25159.1
Household total disposable Income (TDI = B.6G+D.8)(Seasonally Adjusted),2009Q1,Ireland,24452.98
Household total disposable Income (TDI = B.6G+D.8)(Seasonally Adjusted),2009Q2,Ireland,23804.83
Household total disposable Income (TDI = B.6G+D.8)(Seasonally Adjusted),2009Q3,Ireland,23619.51
Household total disposable Income (TDI = B.6G+D.8)(Seasonally Adjusted),2009Q4,Ireland,22969.54
Household total disposable Income (TDI = B.6G+D.8)(Seasonally Adjusted),2010Q1,Ireland,23175.91
Household total disposable Income (TDI = B.6G+D.8)(Seasonally Adjusted),2010Q2,Ireland,23011.94
Household total disposable Income (TDI = B.6G+D.8)(Seasonally Adjusted),2010Q3,Ireland,22809.05
Household total disposable Income (TDI = B.6G+D.8)(Seasonally Adjusted),2010Q4,Ireland,22611.32
Household total disposable Income (TDI = B.6G+D.8)(Seasonally Adjusted),2011Q1,Ireland,22464.44
Household total disposable Income (TDI = B.6G+D.8)(Seasonally Adjusted),2011Q2,Ireland,22433.61
Household total disposable Income (TDI = B.6G+D.8)(Seasonally Adjusted),2011Q3,Ireland,22420.77
Household total disposable Income (TDI = B.6G+D.8)(Seasonally Adjusted),2011Q4,Ireland,23075.51
Household total disposable Income (TDI = B.6G+D.8)(Seasonally Adjusted),2012Q1,Ireland,23075.4
Household total disposable Income (TDI = B.6G+D.8)(Seasonally Adjusted),2012Q2,Ireland,22774.36
Household total disposable Income (TDI = B.6G+D.8)(Seasonally Adjusted),2012Q3,Ireland,23369.69
Household total disposable Income (TDI = B.6G+D.8)(Seasonally Adjusted),2012Q4,Ireland,23546.55
Household total disposable Income (TDI = B.6G+D.8)(Seasonally Adjusted),2013Q1,Ireland,22845.34
Household total disposable Income (TDI = B.6G+D.8)(Seasonally Adjusted),2013Q2,Ireland,22946.48
Household total disposable Income (TDI = B.6G+D.8)(Seasonally Adjusted),2013Q3,Ireland,22958.54
Household total disposable Income (TDI = B.6G+D.8)(Seasonally Adjusted),2013Q4,Ireland,23387.1
Household total disposable Income (TDI = B.6G+D.8)(Seasonally Adjusted),2014Q1,Ireland,23441.28
Household total disposable Income (TDI = B.6G+D.8)(Seasonally Adjusted),2014Q2,Ireland,23310.68
Household total disposable Income (TDI = B.6G+D.8)(Seasonally Adjusted),2014Q3,Ireland,23386.95
Household total disposable Income (TDI = B.6G+D.8)(Seasonally Adjusted),2014Q4,Ireland,23935.49
Household total disposable Income (TDI = B.6G+D.8)(Seasonally Adjusted),2015Q1,Ireland,24177.24
Household total disposable Income (TDI = B.6G+D.8)(Seasonally Adjusted),2015Q2,Ireland,24874.29
Household total disposable Income (TDI = B.6G+D.8)(Seasonally Adjusted),2015Q3,Ireland,24975.59
Household total disposable Income (TDI = B.6G+D.8)(Seasonally Adjusted),2015Q4,Ireland,24834.82
Household total disposable Income (TDI = B.6G+D.8)(Seasonally Adjusted),2016Q1,Ireland,25369.65
Household total disposable Income (TDI = B.6G+D.8)(Seasonally Adjusted),2016Q2,Ireland,25522.93
Household total disposable Income (TDI = B.6G+D.8)(Seasonally Adjusted),2016Q3,Ireland,26223.42
Household total disposable Income (TDI = B.6G+D.8)(Seasonally Adjusted),2016Q4,Ireland,26156.92
Household total disposable Income (TDI = B.6G+D.8)(Seasonally Adjusted),2017Q1,Ireland,27170.77
Household total disposable Income (TDI = B.6G+D.8)(Seasonally Adjusted),2017Q2,Ireland,27301.38
Household total disposable Income (TDI = B.6G+D.8)(Seasonally Adjusted),2017Q3,Ireland,27883.16
Household total disposable Income (TDI = B.6G+D.8)(Seasonally Adjusted),2017Q4,Ireland,28059.97
Household total disposable Income (TDI = B.6G+D.8)(Seasonally Adjusted),2018Q1,Ireland,28049.1
Household total disposable Income (TDI = B.6G+D.8)(Seasonally Adjusted),2018Q2,Ireland,28752.2
Household total disposable Income (TDI = B.6G+D.8)(Seasonally Adjusted),2018Q3,Ireland,29253.9
Household total disposable Income (TDI = B.6G+D.8)(Seasonally Adjusted),2018Q4,Ireland,29540.33
Household total disposable Income (TDI = B.6G+D.8)(Seasonally Adjusted),2019Q1,Ireland,30216.57
Household total disposable Income (TDI = B.6G+D.8)(Seasonally Adjusted),2019Q2,Ireland,30420.93
Household total disposable Income (TDI = B.6G+D.8)(Seasonally Adjusted),2019Q3,Ireland,30467.35
Household total disposable Income (TDI = B.6G+D.8)(Seasonally Adjusted),2019Q4,Ireland,31488.52
Household total disposable Income (TDI = B.6G+D.8)(Seasonally Adjusted),2020Q1,Ireland,33361.17
Household total disposable Income (TDI = B.6G+D.8)(Seasonally Adjusted),2020Q2,Ireland,31601.47
Household total disposable Income (TDI = B.6G+D.8)(Seasonally Adjusted),2020Q3,Ireland,31034.77
Household total disposable Income (TDI = B.6G+D.8)(Seasonally Adjusted),2020Q4,Ireland,32121.42
Household total disposable Income (TDI = B.6G+D.8)(Seasonally Adjusted),2021Q1,Ireland,32844.79
Household total disposable Income (TDI = B.6G+D.8)(Seasonally Adjusted),2021Q2,Ireland,33726.17
Household total disposable Income (TDI = B.6G+D.8)(Seasonally Adjusted),2021Q3,Ireland,34835.39
Household total disposable Income (TDI = B.6G+D.8)(Seasonally Adjusted),2021Q4,Ireland,35208.35
Household total disposable Income (TDI = B.6G+D.8)(Seasonally Adjusted),2022Q1,Ireland,35470.97
Household total disposable Income (TDI = B.6G+D.8)(Seasonally Adjusted),2022Q2,Ireland,36918.51
Household total disposable Income (TDI = B.6G+D.8)(Seasonally Adjusted),2022Q3,Ireland,37817.33
Household total disposable Income (TDI = B.6G+D.8)(Seasonally Adjusted),2022Q4,Ireland,38379.77
Household total disposable Income (TDI = B.6G+D.8)(Seasonally Adjusted),2023Q1,Ireland,40170.24
Household total disposable Income (TDI = B.6G+D.8)(Seasonally Adjusted),2023Q2,Ireland,41074.43
Household total disposable Income (TDI = B.6G+D.8)(Seasonally Adjusted),2023Q3,Ireland,41662.3
Household total disposable Income (TDI = B.6G+D.8)(Seasonally Adjusted),2023Q4,Ireland,42262.41
Household total disposable Income (TDI = B.6G+D.8)(Seasonally Adjusted),2024Q1,Ireland,43729.53
Household total disposable Income (TDI = B.6G+D.8)(Seasonally Adjusted),2024Q2,Ireland,43382.02
Household total disposable Income (TDI = B.6G+D.8)(Seasonally Adjusted),2024Q3,Ireland,44561.27
Household total disposable Income (TDI = B.6G+D.8)(Seasonally Adjusted),2024Q4,Ireland,45569.41
Household total disposable Income (TDI = B.6G+D.8)(Seasonally Adjusted),2025Q1,Ireland,45948.63
Household total disposable Income (TDI = B.6G+D.8)(Constant Price Seasonally Adjusted),1999Q1,Ireland,18092.61
Household total disposable Income (TDI = B.6G+D.8)(Constant Price Seasonally Adjusted),1999Q2,Ireland,15956.13
Household total disposable Income (TDI = B.6G+D.8)(Constant Price Seasonally Adjusted),1999Q3,Ireland,17913.8
Household total disposable Income (TDI = B.6G+D.8)(Constant Price Seasonally Adjusted),1999Q4,Ireland,18812.08
Household total disposable Income (TDI = B.6G+D.8)(Constant Price Seasonally Adjusted),2000Q1,Ireland,18404.29
Household total disposable Income (TDI = B.6G+D.8)(Constant Price Seasonally Adjusted),2000Q2,Ireland,18553.94
Household total disposable Income (TDI = B.6G+D.8)(Constant Price Seasonally Adjusted),2000Q3,Ireland,19081.39
Household total disposable Income (TDI = B.6G+D.8)(Constant Price Seasonally Adjusted),2000Q4,Ireland,19506.62
Household total disposable Income (TDI = B.6G+D.8)(Constant Price Seasonally Adjusted),2001Q1,Ireland,20352.82
Household total disposable Income (TDI = B.6G+D.8)(Constant Price Seasonally Adjusted),2001Q2,Ireland,20479.08
Household total disposable Income (TDI = B.6G+D.8)(Constant Price Seasonally Adjusted),2001Q3,Ireland,20909.88
Household total disposable Income (TDI = B.6G+D.8)(Constant Price Seasonally Adjusted),2001Q4,Ireland,21115.67
Household total disposable Income (TDI = B.6G+D.8)(Constant Price Seasonally Adjusted),2002Q1,Ireland,20796.68
Household total disposable Income (TDI = B.6G+D.8)(Constant Price Seasonally Adjusted),2002Q2,Ireland,21374.87
Household total disposable Income (TDI = B.6G+D.8)(Constant Price Seasonally Adjusted),2002Q3,Ireland,21128.98
Household total disposable Income (TDI = B.6G+D.8)(Constant Price Seasonally Adjusted),2002Q4,Ireland,21235.34
Household total disposable Income (TDI = B.6G+D.8)(Constant Price Seasonally Adjusted),2003Q1,Ireland,21759.07
Household total disposable Income (TDI = B.6G+D.8)(Constant Price Seasonally Adjusted),2003Q2,Ireland,21850.52
Household total disposable Income (TDI = B.6G+D.8)(Constant Price Seasonally Adjusted),2003Q3,Ireland,22039.18
Household total disposable Income (TDI = B.6G+D.8)(Constant Price Seasonally Adjusted),2003Q4,Ireland,22569.21
Household total disposable Income (TDI = B.6G+D.8)(Constant Price Seasonally Adjusted),2004Q1,Ireland,22519.9
Household total disposable Income (TDI = B.6G+D.8)(Constant Price Seasonally Adjusted),2004Q2,Ireland,22804.09
Household total disposable Income (TDI = B.6G+D.8)(Constant Price Seasonally Adjusted),2004Q3,Ireland,23307.97
Household total disposable Income (TDI = B.6G+D.8)(Constant Price Seasonally Adjusted),2004Q4,Ireland,23838.23
Household total disposable Income (TDI = B.6G+D.8)(Constant Price Seasonally Adjusted),2005Q1,Ireland,24699.92
Household total disposable Income (TDI = B.6G+D.8)(Constant Price Seasonally Adjusted),2005Q2,Ireland,25105.64
Household total disposable Income (TDI = B.6G+D.8)(Constant Price Seasonally Adjusted),2005Q3,Ireland,24805.54
Household total disposable Income (TDI = B.6G+D.8)(Constant Price Seasonally Adjusted),2005Q4,Ireland,25718.63
Household total disposable Income (TDI = B.6G+D.8)(Constant Price Seasonally Adjusted),2006Q1,Ireland,26139.22
Household total disposable Income (TDI = B.6G+D.8)(Constant Price Seasonally Adjusted),2006Q2,Ireland,26675.05
Household total disposable Income (TDI = B.6G+D.8)(Constant Price Seasonally Adjusted),2006Q3,Ireland,26482.39
Household total disposable Income (TDI = B.6G+D.8)(Constant Price Seasonally Adjusted),2006Q4,Ireland,26040.76
Household total disposable Income (TDI = B.6G+D.8)(Constant Price Seasonally Adjusted),2007Q1,Ireland,27122.67
Household total disposable Income (TDI = B.6G+D.8)(Constant Price Seasonally Adjusted),2007Q2,Ireland,27472.82
Household total disposable Income (TDI = B.6G+D.8)(Constant Price Seasonally Adjusted),2007Q3,Ireland,28153.6
Household total disposable Income (TDI = B.6G+D.8)(Constant Price Seasonally Adjusted),2007Q4,Ireland,28122.5
Household total disposable Income (TDI = B.6G+D.8)(Constant Price Seasonally Adjusted),2008Q1,Ireland,28384.21
Household total disposable Income (TDI = B.6G+D.8)(Constant Price Seasonally Adjusted),2008Q2,Ireland,29113.38
Household total disposable Income (TDI = B.6G+D.8)(Constant Price Seasonally Adjusted),2008Q3,Ireland,29042.78
Household total disposable Income (TDI = B.6G+D.8)(Constant Price Seasonally Adjusted),2008Q4,Ireland,28751.56
Household total disposable Income (TDI = B.6G+D.8)(Constant Price Seasonally Adjusted),2009Q1,Ireland,29047.74
Household total disposable Income (TDI = B.6G+D.8)(Constant Price Seasonally Adjusted),2009Q2,Ireland,28784.77
Household total disposable Income (TDI = B.6G+D.8)(Constant Price Seasonally Adjusted),2009Q3,Ireland,28859.35
Household total disposable Income (TDI = B.6G+D.8)(Constant Price Seasonally Adjusted),2009Q4,Ireland,28029.58
Household total disposable Income (TDI = B.6G+D.8)(Constant Price Seasonally Adjusted),2010Q1,Ireland,28328.81
Household total disposable Income (TDI = B.6G+D.8)(Constant Price Seasonally Adjusted),2010Q2,Ireland,28314.95
Household total disposable Income (TDI = B.6G+D.8)(Constant Price Seasonally Adjusted),2010Q3,Ireland,27999.96
Household total disposable Income (TDI = B.6G+D.8)(Constant Price Seasonally Adjusted),2010Q4,Ireland,27453.6
Household total disposable Income (TDI = B.6G+D.8)(Constant Price Seasonally Adjusted),2011Q1,Ireland,27253.61
Household total disposable Income (TDI = B.6G+D.8)(Constant Price Seasonally Adjusted),2011Q2,Ireland,27152.19
Household total disposable Income (TDI = B.6G+D.8)(Constant Price Seasonally Adjusted),2011Q3,Ireland,27052.08
Household total disposable Income (TDI = B.6G+D.8)(Constant Price Seasonally Adjusted),2011Q4,Ireland,28253.08
Household total disposable Income (TDI = B.6G+D.8)(Constant Price Seasonally Adjusted),2012Q1,Ireland,27250.36
Household total disposable Income (TDI = B.6G+D.8)(Constant Price Seasonally Adjusted),2012Q2,Ireland,27168.35
Household total disposable Income (TDI = B.6G+D.8)(Constant Price Seasonally Adjusted),2012Q3,Ireland,27871.89
Household total disposable Income (TDI = B.6G+D.8)(Constant Price Seasonally Adjusted),2012Q4,Ireland,28317.82
Household total disposable Income (TDI = B.6G+D.8)(Constant Price Seasonally Adjusted),2013Q1,Ireland,26761.81
Household total disposable Income (TDI = B.6G+D.8)(Constant Price Seasonally Adjusted),2013Q2,Ireland,27009.71
Household total disposable Income (TDI = B.6G+D.8)(Constant Price Seasonally Adjusted),2013Q3,Ireland,26889.98
Household total disposable Income (TDI = B.6G+D.8)(Constant Price Seasonally Adjusted),2013Q4,Ireland,27504.52
Household total disposable Income (TDI = B.6G+D.8)(Constant Price Seasonally Adjusted),2014Q1,Ireland,27298.49
Household total disposable Income (TDI = B.6G+D.8)(Constant Price Seasonally Adjusted),2014Q2,Ireland,27070.51
Household total disposable Income (TDI = B.6G+D.8)(Constant Price Seasonally Adjusted),2014Q3,Ireland,27083.29
Household total disposable Income (TDI = B.6G+D.8)(Constant Price Seasonally Adjusted),2014Q4,Ireland,27709.2
Household total disposable Income (TDI = B.6G+D.8)(Constant Price Seasonally Adjusted),2015Q1,Ireland,28106.28
Household total disposable Income (TDI = B.6G+D.8)(Constant Price Seasonally Adjusted),2015Q2,Ireland,28762.2
Household total disposable Income (TDI = B.6G+D.8)(Constant Price Seasonally Adjusted),2015Q3,Ireland,28726.42
Household total disposable Income (TDI = B.6G+D.8)(Constant Price Seasonally Adjusted),2015Q4,Ireland,28532.36
Household total disposable Income (TDI = B.6G+D.8)(Constant Price Seasonally Adjusted),2016Q1,Ireland,28954.01
Household total disposable Income (TDI = B.6G+D.8)(Constant Price Seasonally Adjusted),2016Q2,Ireland,29285.72
Household total disposable Income (TDI = B.6G+D.8)(Constant Price Seasonally Adjusted),2016Q3,Ireland,30094.96
Household total disposable Income (TDI = B.6G+D.8)(Constant Price Seasonally Adjusted),2016Q4,Ireland,30089.54
Household total disposable Income (TDI = B.6G+D.8)(Constant Price Seasonally Adjusted),2017Q1,Ireland,30940.22
Household total disposable Income (TDI = B.6G+D.8)(Constant Price Seasonally Adjusted),2017Q2,Ireland,30998.55
Household total disposable Income (TDI = B.6G+D.8)(Constant Price Seasonally Adjusted),2017Q3,Ireland,31865.52
Household total disposable Income (TDI = B.6G+D.8)(Constant Price Seasonally Adjusted),2017Q4,Ireland,31964.3
Household total disposable Income (TDI = B.6G+D.8)(Constant Price Seasonally Adjusted),2018Q1,Ireland,31430.3
Household total disposable Income (TDI = B.6G+D.8)(Constant Price Seasonally Adjusted),2018Q2,Ireland,32232.24
Household total disposable Income (TDI = B.6G+D.8)(Constant Price Seasonally Adjusted),2018Q3,Ireland,32832.45
Household total disposable Income (TDI = B.6G+D.8)(Constant Price Seasonally Adjusted),2018Q4,Ireland,33021.06
Household total disposable Income (TDI = B.6G+D.8)(Constant Price Seasonally Adjusted),2019Q1,Ireland,33308.37
Household total disposable Income (TDI = B.6G+D.8)(Constant Price Seasonally Adjusted),2019Q2,Ireland,33506.79
Household total disposable Income (TDI = B.6G+D.8)(Constant Price Seasonally Adjusted),2019Q3,Ireland,33634.5
Household total disposable Income (TDI = B.6G+D.8)(Constant Price Seasonally Adjusted),2019Q4,Ireland,34673.48
Household total disposable Income (TDI = B.6G+D.8)(Constant Price Seasonally Adjusted),2020Q1,Ireland,35691.35
Household total disposable Income (TDI = B.6G+D.8)(Constant Price Seasonally Adjusted),2020Q2,Ireland,35430.15
Household total disposable Income (TDI = B.6G+D.8)(Constant Price Seasonally Adjusted),2020Q3,Ireland,34278.1
Household total disposable Income (TDI = B.6G+D.8)(Constant Price Seasonally Adjusted),2020Q4,Ireland,35421.18
Household total disposable Income (TDI = B.6G+D.8)(Constant Price Seasonally Adjusted),2021Q1,Ireland,35662.14
Household total disposable Income (TDI = B.6G+D.8)(Constant Price Seasonally Adjusted),2021Q2,Ireland,36560.94
Household total disposable Income (TDI = B.6G+D.8)(Constant Price Seasonally Adjusted),2021Q3,Ireland,37219.25
Household total disposable Income (TDI = B.6G+D.8)(Constant Price Seasonally Adjusted),2021Q4,Ireland,36984.76
Household total disposable Income (TDI = B.6G+D.8)(Constant Price Seasonally Adjusted),2022Q1,Ireland,35841.68
Household total disposable Income (TDI = B.6G+D.8)(Constant Price Seasonally Adjusted),2022Q2,Ireland,37169.71
Household total disposable Income (TDI = B.6G+D.8)(Constant Price Seasonally Adjusted),2022Q3,Ireland,37756.13
Household total disposable Income (TDI = B.6G+D.8)(Constant Price Seasonally Adjusted),2022Q4,Ireland,37481.94
Household total disposable Income (TDI = B.6G+D.8)(Constant Price Seasonally Adjusted),2023Q1,Ireland,38142.8
Household total disposable Income (TDI = B.6G+D.8)(Constant Price Seasonally Adjusted),2023Q2,Ireland,37927.04
Household total disposable Income (TDI = B.6G+D.8)(Constant Price Seasonally Adjusted),2023Q3,Ireland,37696.81
Household total disposable Income (TDI = B.6G+D.8)(Constant Price Seasonally Adjusted),2023Q4,Ireland,38153.49
Household total disposable Income (TDI = B.6G+D.8)(Constant Price Seasonally Adjusted),2024Q1,Ireland,38564.5
Household total disposable Income (TDI = B.6G+D.8)(Constant Price Seasonally Adjusted),2024Q2,Ireland,38098.11
Household total disposable Income (TDI = B.6G+D.8)(Constant Price Seasonally Adjusted),2024Q3,Ireland,38934.88
Household total disposable Income (TDI = B.6G+D.8)(Constant Price Seasonally Adjusted),2024Q4,Ireland,40017.36
Household total disposable Income (TDI = B.6G+D.8)(Constant Price Seasonally Adjusted),2025Q1,Ireland,39882.23
Household individual Consumption Expenditure (P.31),1999Q1,Ireland,10349.63
Household individual Consumption Expenditure (P.31),1999Q2,Ireland,10441.93
Household individual Consumption Expenditure (P.31),1999Q3,Ireland,11217.63
Household individual Consumption Expenditure (P.31),1999Q4,Ireland,12021.71
Household individual Consumption Expenditure (P.31),2000Q1,Ireland,11921.38
Household individual Consumption Expenditure (P.31),2000Q2,Ireland,12424.54
Household individual Consumption Expenditure (P.31),2000Q3,Ireland,12585.09
Household individual Consumption Expenditure (P.31),2000Q4,Ireland,13978.68
Household individual Consumption Expenditure (P.31),2001Q1,Ireland,13191.93
Household individual Consumption Expenditure (P.31),2001Q2,Ireland,13613.14
Household individual Consumption Expenditure (P.31),2001Q3,Ireland,13664.92
Household individual Consumption Expenditure (P.31),2001Q4,Ireland,15169.37
Household individual Consumption Expenditure (P.31),2002Q1,Ireland,14427.8
Household individual Consumption Expenditure (P.31),2002Q2,Ireland,14669.08
Household individual Consumption Expenditure (P.31),2002Q3,Ireland,15044.1
Household individual Consumption Expenditure (P.31),2002Q4,Ireland,16461.38
Household individual Consumption Expenditure (P.31),2003Q1,Ireland,15697.17
Household individual Consumption Expenditure (P.31),2003Q2,Ireland,15870.94
Household individual Consumption Expenditure (P.31),2003Q3,Ireland,15802.88
Household individual Consumption Expenditure (P.31),2003Q4,Ireland,17359.24
Household individual Consumption Expenditure (P.31),2004Q1,Ireland,16574.02
Household individual Consumption Expenditure (P.31),2004Q2,Ireland,16663.38
Household individual Consumption Expenditure (P.31),2004Q3,Ireland,16787.68
Household individual Consumption Expenditure (P.31),2004Q4,Ireland,18362.17
Household individual Consumption Expenditure (P.31),2005Q1,Ireland,17430.11
Household individual Consumption Expenditure (P.31),2005Q2,Ireland,17964.16
Household individual Consumption Expenditure (P.31),2005Q3,Ireland,18680.39
Household individual Consumption Expenditure (P.31),2005Q4,Ireland,20238.08
Household individual Consumption Expenditure (P.31),2006Q1,Ireland,19305.93
Household individual Consumption Expenditure (P.31),2006Q2,Ireland,19848.2
Household individual Consumption Expenditure (P.31),2006Q3,Ireland,19847.84
Household individual Consumption Expenditure (P.31),2006Q4,Ireland,22027.23
Household individual Consumption Expenditure (P.31),2007Q1,Ireland,21599.44
Household individual Consumption Expenditure (P.31),2007Q2,Ireland,21727.18
Household individual Consumption Expenditure (P.31),2007Q3,Ireland,21744.65
Household individual Consumption Expenditure (P.31),2007Q4,Ireland,23984.58
Household individual Consumption Expenditure (P.31),2008Q1,Ireland,23001.53
Household individual Consumption Expenditure (P.31),2008Q2,Ireland,22116.55
Household individual Consumption Expenditure (P.31),2008Q3,Ireland,21826.81
Household individual Consumption Expenditure (P.31),2008Q4,Ireland,23665.54
Household individual Consumption Expenditure (P.31),2009Q1,Ireland,20506.25
Household individual Consumption Expenditure (P.31),2009Q2,Ireland,19635.65
Household individual Consumption Expenditure (P.31),2009Q3,Ireland,19032.73
Household individual Consumption Expenditure (P.31),2009Q4,Ireland,20966.8
Household individual Consumption Expenditure (P.31),2010Q1,Ireland,19756.85
Household individual Consumption Expenditure (P.31),2010Q2,Ireland,19383.96
Household individual Consumption Expenditure (P.31),2010Q3,Ireland,19161.63
Household individual Consumption Expenditure (P.31),2010Q4,Ireland,21181.59
Household individual Consumption Expenditure (P.31),2011Q1,Ireland,19825.19
Household individual Consumption Expenditure (P.31),2011Q2,Ireland,19576.54
Household individual Consumption Expenditure (P.31),2011Q3,Ireland,18918.94
Household individual Consumption Expenditure (P.31),2011Q4,Ireland,20825.84
Household individual Consumption Expenditure (P.31),2012Q1,Ireland,19513.29
Household individual Consumption Expenditure (P.31),2012Q2,Ireland,19422.8
Household individual Consumption Expenditure (P.31),2012Q3,Ireland,19432.12
Household individual Consumption Expenditure (P.31),2012Q4,Ireland,21107.49
Household individual Consumption Expenditure (P.31),2013Q1,Ireland,19933.21
Household individual Consumption Expenditure (P.31),2013Q2,Ireland,19620.33
Household individual Consumption Expenditure (P.31),2013Q3,Ireland,19720.22
Household individual Consumption Expenditure (P.31),2013Q4,Ireland,21556.78
Household individual Consumption Expenditure (P.31),2014Q1,Ireland,20351.89
Household individual Consumption Expenditure (P.31),2014Q2,Ireland,20360.24
Household individual Consumption Expenditure (P.31),2014Q3,Ireland,20455.98
Household individual Consumption Expenditure (P.31),2014Q4,Ireland,22525.13
Household individual Consumption Expenditure (P.31),2015Q1,Ireland,21096.51
Household individual Consumption Expenditure (P.31),2015Q2,Ireland,21041.32
Household individual Consumption Expenditure (P.31),2015Q3,Ireland,21495.73
Household individual Consumption Expenditure (P.31),2015Q4,Ireland,23208.74
Household individual Consumption Expenditure (P.31),2016Q1,Ireland,22629.99
Household individual Consumption Expenditure (P.31),2016Q2,Ireland,21979.15
Household individual Consumption Expenditure (P.31),2016Q3,Ireland,22152.9
Household individual Consumption Expenditure (P.31),2016Q4,Ireland,24241.22
Household individual Consumption Expenditure (P.31),2017Q1,Ireland,23374.71
Household individual Consumption Expenditure (P.31),2017Q2,Ireland,22819.07
Household individual Consumption Expenditure (P.31),2017Q3,Ireland,23301.68
Household individual Consumption Expenditure (P.31),2017Q4,Ireland,25250.85
Household individual Consumption Expenditure (P.31),2018Q1,Ireland,24749.93
Household individual Consumption Expenditure (P.31),2018Q2,Ireland,24574.16
Household individual Consumption Expenditure (P.31),2018Q3,Ireland,24854.84
Household individual Consumption Expenditure (P.31),2018Q4,Ireland,26748.69
Household individual Consumption Expenditure (P.31),2019Q1,Ireland,25935.88
Household individual Consumption Expenditure (P.31),2019Q2,Ireland,25823.09
Household individual Consumption Expenditure (P.31),2019Q3,Ireland,25848.65
Household individual Consumption Expenditure (P.31),2019Q4,Ireland,27801.7
Household individual Consumption Expenditure (P.31),2020Q1,Ireland,24783.95
Household individual Consumption Expenditure (P.31),2020Q2,Ireland,20542.06
Household individual Consumption Expenditure (P.31),2020Q3,Ireland,24066.49
Household individual Consumption Expenditure (P.31),2020Q4,Ireland,25089.13
Household individual Consumption Expenditure (P.31),2021Q1,Ireland,22229.1
Household individual Consumption Expenditure (P.31),2021Q2,Ireland,25917.88
Household individual Consumption Expenditure (P.31),2021Q3,Ireland,27616.28
Household individual Consumption Expenditure (P.31),2021Q4,Ireland,30056.8
Household individual Consumption Expenditure (P.31),2022Q1,Ireland,28660.14
Household individual Consumption Expenditure (P.31),2022Q2,Ireland,30568.43
Household individual Consumption Expenditure (P.31),2022Q3,Ireland,31674.1
Household individual Consumption Expenditure (P.31),2022Q4,Ireland,35143.58
Household individual Consumption Expenditure (P.31),2023Q1,Ireland,32507.71
Household individual Consumption Expenditure (P.31),2023Q2,Ireland,35205.41
Household individual Consumption Expenditure (P.31),2023Q3,Ireland,35479.47
Household individual Consumption Expenditure (P.31),2023Q4,Ireland,39458.62
Household individual Consumption Expenditure (P.31),2024Q1,Ireland,35762.44
Household individual Consumption Expenditure (P.31),2024Q2,Ireland,37841.07
Household individual Consumption Expenditure (P.31),2024Q3,Ireland,37081.49
Household individual Consumption Expenditure (P.31),2024Q4,Ireland,41450.13
Household individual Consumption Expenditure (P.31),2025Q1,Ireland,37711.37
Household individual Consumption Expenditure (P.31)(Seasonally Adjusted),1999Q1,Ireland,10622.65
Household individual Consumption Expenditure (P.31)(Seasonally Adjusted),1999Q2,Ireland,10572.53
Household individual Consumption Expenditure (P.31)(Seasonally Adjusted),1999Q3,Ireland,11472.26
Household individual Consumption Expenditure (P.31)(Seasonally Adjusted),1999Q4,Ireland,11366.67
Household individual Consumption Expenditure (P.31)(Seasonally Adjusted),2000Q1,Ireland,12187.68
Household individual Consumption Expenditure (P.31)(Seasonally Adjusted),2000Q2,Ireland,12581.38
Household individual Consumption Expenditure (P.31)(Seasonally Adjusted),2000Q3,Ireland,12883.31
Household individual Consumption Expenditure (P.31)(Seasonally Adjusted),2000Q4,Ireland,13246.3
Household individual Consumption Expenditure (P.31)(Seasonally Adjusted),2001Q1,Ireland,13442.04
Household individual Consumption Expenditure (P.31)(Seasonally Adjusted),2001Q2,Ireland,13796.72
Household individual Consumption Expenditure (P.31)(Seasonally Adjusted),2001Q3,Ireland,14005.33
Household individual Consumption Expenditure (P.31)(Seasonally Adjusted),2001Q4,Ireland,14368.24
Household individual Consumption Expenditure (P.31)(Seasonally Adjusted),2002Q1,Ireland,14662.85
Household individual Consumption Expenditure (P.31)(Seasonally Adjusted),2002Q2,Ireland,14898.36
Household individual Consumption Expenditure (P.31)(Seasonally Adjusted),2002Q3,Ireland,15417.92
Household individual Consumption Expenditure (P.31)(Seasonally Adjusted),2002Q4,Ireland,15602.64
Household individual Consumption Expenditure (P.31)(Seasonally Adjusted),2003Q1,Ireland,15928.44
Household individual Consumption Expenditure (P.31)(Seasonally Adjusted),2003Q2,Ireland,16133.83
Household individual Consumption Expenditure (P.31)(Seasonally Adjusted),2003Q3,Ireland,16189.61
Household individual Consumption Expenditure (P.31)(Seasonally Adjusted),2003Q4,Ireland,16468.85
Household individual Consumption Expenditure (P.31)(Seasonally Adjusted),2004Q1,Ireland,16800.25
Household individual Consumption Expenditure (P.31)(Seasonally Adjusted),2004Q2,Ireland,16942.97
Household individual Consumption Expenditure (P.31)(Seasonally Adjusted),2004Q3,Ireland,17207.35
Household individual Consumption Expenditure (P.31)(Seasonally Adjusted),2004Q4,Ireland,17423.48
Household individual Consumption Expenditure (P.31)(Seasonally Adjusted),2005Q1,Ireland,17655.37
Household individual Consumption Expenditure (P.31)(Seasonally Adjusted),2005Q2,Ireland,18248.54
Household individual Consumption Expenditure (P.31)(Seasonally Adjusted),2005Q3,Ireland,19186.35
Household individual Consumption Expenditure (P.31)(Seasonally Adjusted),2005Q4,Ireland,19207.26
Household individual Consumption Expenditure (P.31)(Seasonally Adjusted),2006Q1,Ireland,19494.08
Household individual Consumption Expenditure (P.31)(Seasonally Adjusted),2006Q2,Ireland,20163.54
Household individual Consumption Expenditure (P.31)(Seasonally Adjusted),2006Q3,Ireland,20464.21
Household individual Consumption Expenditure (P.31)(Seasonally Adjusted),2006Q4,Ireland,20909.12
Household individual Consumption Expenditure (P.31)(Seasonally Adjusted),2007Q1,Ireland,21715.42
Household individual Consumption Expenditure (P.31)(Seasonally Adjusted),2007Q2,Ireland,22112.23
Household individual Consumption Expenditure (P.31)(Seasonally Adjusted),2007Q3,Ireland,22470.92
Household individual Consumption Expenditure (P.31)(Seasonally Adjusted),2007Q4,Ireland,22767.09
Household individual Consumption Expenditure (P.31)(Seasonally Adjusted),2008Q1,Ireland,23029.59
Household individual Consumption Expenditure (P.31)(Seasonally Adjusted),2008Q2,Ireland,22563.24
Household individual Consumption Expenditure (P.31)(Seasonally Adjusted),2008Q3,Ireland,22600.98
Household individual Consumption Expenditure (P.31)(Seasonally Adjusted),2008Q4,Ireland,22436.85
Household individual Consumption Expenditure (P.31)(Seasonally Adjusted),2009Q1,Ireland,20480.86
Household individual Consumption Expenditure (P.31)(Seasonally Adjusted),2009Q2,Ireland,20047.55
Household individual Consumption Expenditure (P.31)(Seasonally Adjusted),2009Q3,Ireland,19771.77
Household individual Consumption Expenditure (P.31)(Seasonally Adjusted),2009Q4,Ireland,19838.59
Household individual Consumption Expenditure (P.31)(Seasonally Adjusted),2010Q1,Ireland,19762.16
Household individual Consumption Expenditure (P.31)(Seasonally Adjusted),2010Q2,Ireland,19779.98
Household individual Consumption Expenditure (P.31)(Seasonally Adjusted),2010Q3,Ireland,19897.65
Household individual Consumption Expenditure (P.31)(Seasonally Adjusted),2010Q4,Ireland,20009.38
Household individual Consumption Expenditure (P.31)(Seasonally Adjusted),2011Q1,Ireland,19895.4
Household individual Consumption Expenditure (P.31)(Seasonally Adjusted),2011Q2,Ireland,19959.9
Household individual Consumption Expenditure (P.31)(Seasonally Adjusted),2011Q3,Ireland,19619.53
Household individual Consumption Expenditure (P.31)(Seasonally Adjusted),2011Q4,Ireland,19644.39
Household individual Consumption Expenditure (P.31)(Seasonally Adjusted),2012Q1,Ireland,19626.74
Household individual Consumption Expenditure (P.31)(Seasonally Adjusted),2012Q2,Ireland,19820.82
Household individual Consumption Expenditure (P.31)(Seasonally Adjusted),2012Q3,Ireland,20080.19
Household individual Consumption Expenditure (P.31)(Seasonally Adjusted),2012Q4,Ireland,19915.37
Household individual Consumption Expenditure (P.31)(Seasonally Adjusted),2013Q1,Ireland,20070.26
Household individual Consumption Expenditure (P.31)(Seasonally Adjusted),2013Q2,Ireland,20056.87
Household individual Consumption Expenditure (P.31)(Seasonally Adjusted),2013Q3,Ireland,20303.22
Household individual Consumption Expenditure (P.31)(Seasonally Adjusted),2013Q4,Ireland,20385.57
Household individual Consumption Expenditure (P.31)(Seasonally Adjusted),2014Q1,Ireland,20484.63
Household individual Consumption Expenditure (P.31)(Seasonally Adjusted),2014Q2,Ireland,20844.84
Household individual Consumption Expenditure (P.31)(Seasonally Adjusted),2014Q3,Ireland,21005.25
Household individual Consumption Expenditure (P.31)(Seasonally Adjusted),2014Q4,Ireland,21351.14
Household individual Consumption Expenditure (P.31)(Seasonally Adjusted),2015Q1,Ireland,21190.6
Household individual Consumption Expenditure (P.31)(Seasonally Adjusted),2015Q2,Ireland,21584.86
Household individual Consumption Expenditure (P.31)(Seasonally Adjusted),2015Q3,Ireland,22015.3
Household individual Consumption Expenditure (P.31)(Seasonally Adjusted),2015Q4,Ireland,22077.45
Household individual Consumption Expenditure (P.31)(Seasonally Adjusted),2016Q1,Ireland,22677.89
Household individual Consumption Expenditure (P.31)(Seasonally Adjusted),2016Q2,Ireland,22554.36
Household individual Consumption Expenditure (P.31)(Seasonally Adjusted),2016Q3,Ireland,22670.15
Household individual Consumption Expenditure (P.31)(Seasonally Adjusted),2016Q4,Ireland,23130.02
Household individual Consumption Expenditure (P.31)(Seasonally Adjusted),2017Q1,Ireland,23381.08
Household individual Consumption Expenditure (P.31)(Seasonally Adjusted),2017Q2,Ireland,23402.68
Household individual Consumption Expenditure (P.31)(Seasonally Adjusted),2017Q3,Ireland,23806.38
Household individual Consumption Expenditure (P.31)(Seasonally Adjusted),2017Q4,Ireland,24149.95
Household individual Consumption Expenditure (P.31)(Seasonally Adjusted),2018Q1,Ireland,24794.67
Household individual Consumption Expenditure (P.31)(Seasonally Adjusted),2018Q2,Ireland,25139.35
Household individual Consumption Expenditure (P.31)(Seasonally Adjusted),2018Q3,Ireland,25366.72
Household individual Consumption Expenditure (P.31)(Seasonally Adjusted),2018Q4,Ireland,25574.52
Household individual Consumption Expenditure (P.31)(Seasonally Adjusted),2019Q1,Ireland,26118.53
Household individual Consumption Expenditure (P.31)(Seasonally Adjusted),2019Q2,Ireland,26338.75
Household individual Consumption Expenditure (P.31)(Seasonally Adjusted),2019Q3,Ireland,26324.15
Household individual Consumption Expenditure (P.31)(Seasonally Adjusted),2019Q4,Ireland,26552.72
Household individual Consumption Expenditure (P.31)(Seasonally Adjusted),2020Q1,Ireland,25099.2
Household individual Consumption Expenditure (P.31)(Seasonally Adjusted),2020Q2,Ireland,20839.18
Household individual Consumption Expenditure (P.31)(Seasonally Adjusted),2020Q3,Ireland,24504.64
Household individual Consumption Expenditure (P.31)(Seasonally Adjusted),2020Q4,Ireland,23891.46
Household individual Consumption Expenditure (P.31)(Seasonally Adjusted),2021Q1,Ireland,22638.9
Household individual Consumption Expenditure (P.31)(Seasonally Adjusted),2021Q2,Ireland,26269.57
Household individual Consumption Expenditure (P.31)(Seasonally Adjusted),2021Q3,Ireland,28028.97
Household individual Consumption Expenditure (P.31)(Seasonally Adjusted),2021Q4,Ireland,28490.77
Household individual Consumption Expenditure (P.31)(Seasonally Adjusted),2022Q1,Ireland,29570.19
Household individual Consumption Expenditure (P.31)(Seasonally Adjusted),2022Q2,Ireland,30862.98
Household individual Consumption Expenditure (P.31)(Seasonally Adjusted),2022Q3,Ireland,32161.25
Household individual Consumption Expenditure (P.31)(Seasonally Adjusted),2022Q4,Ireland,33138.46
Household individual Consumption Expenditure (P.31)(Seasonally Adjusted),2023Q1,Ireland,33846.16
Household individual Consumption Expenditure (P.31)(Seasonally Adjusted),2023Q2,Ireland,35333.18
Household individual Consumption Expenditure (P.31)(Seasonally Adjusted),2023Q3,Ireland,36152.09
Household individual Consumption Expenditure (P.31)(Seasonally Adjusted),2023Q4,Ireland,37064.98
Household individual Consumption Expenditure (P.31)(Seasonally Adjusted),2024Q1,Ireland,37406.07
Household individual Consumption Expenditure (P.31)(Seasonally Adjusted),2024Q2,Ireland,37837.34
Household individual Consumption Expenditure (P.31)(Seasonally Adjusted),2024Q3,Ireland,37933.18
Household individual Consumption Expenditure (P.31)(Seasonally Adjusted),2024Q4,Ireland,38836.88
Household individual Consumption Expenditure (P.31)(Seasonally Adjusted),2025Q1,Ireland,39522.4
Household individual Consumption Expenditure (P.31)(Constant Price Seasonally Adjusted),1999Q1,Ireland,15644.18
Household individual Consumption Expenditure (P.31)(Constant Price Seasonally Adjusted),1999Q2,Ireland,15634.96
Household individual Consumption Expenditure (P.31)(Constant Price Seasonally Adjusted),1999Q3,Ireland,16565.41
Household individual Consumption Expenditure (P.31)(Constant Price Seasonally Adjusted),1999Q4,Ireland,16546.73
Household individual Consumption Expenditure (P.31)(Constant Price Seasonally Adjusted),2000Q1,Ireland,17360.25
Household individual Consumption Expenditure (P.31)(Constant Price Seasonally Adjusted),2000Q2,Ireland,17764.54
Household individual Consumption Expenditure (P.31)(Constant Price Seasonally Adjusted),2000Q3,Ireland,17876.49
Household individual Consumption Expenditure (P.31)(Constant Price Seasonally Adjusted),2000Q4,Ireland,18038.99
Household individual Consumption Expenditure (P.31)(Constant Price Seasonally Adjusted),2001Q1,Ireland,18369.15
Household individual Consumption Expenditure (P.31)(Constant Price Seasonally Adjusted),2001Q2,Ireland,18735.04
Household individual Consumption Expenditure (P.31)(Constant Price Seasonally Adjusted),2001Q3,Ireland,18710.6
Household individual Consumption Expenditure (P.31)(Constant Price Seasonally Adjusted),2001Q4,Ireland,19081.12
Household individual Consumption Expenditure (P.31)(Constant Price Seasonally Adjusted),2002Q1,Ireland,19235.51
Household individual Consumption Expenditure (P.31)(Constant Price Seasonally Adjusted),2002Q2,Ireland,19309.98
Household individual Consumption Expenditure (P.31)(Constant Price Seasonally Adjusted),2002Q3,Ireland,19785.16
Household individual Consumption Expenditure (P.31)(Constant Price Seasonally Adjusted),2002Q4,Ireland,19744.68
Household individual Consumption Expenditure (P.31)(Constant Price Seasonally Adjusted),2003Q1,Ireland,20006.62
Household individual Consumption Expenditure (P.31)(Constant Price Seasonally Adjusted),2003Q2,Ireland,20147.96
Household individual Consumption Expenditure (P.31)(Constant Price Seasonally Adjusted),2003Q3,Ireland,20218.25
Household individual Consumption Expenditure (P.31)(Constant Price Seasonally Adjusted),2003Q4,Ireland,20456.21
Household individual Consumption Expenditure (P.31)(Constant Price Seasonally Adjusted),2004Q1,Ireland,20811.21
Household individual Consumption Expenditure (P.31)(Constant Price Seasonally Adjusted),2004Q2,Ireland,20926.45
Household individual Consumption Expenditure (P.31)(Constant Price Seasonally Adjusted),2004Q3,Ireland,21109.45
Household individual Consumption Expenditure (P.31)(Constant Price Seasonally Adjusted),2004Q4,Ireland,21311.49
Household individual Consumption Expenditure (P.31)(Constant Price Seasonally Adjusted),2005Q1,Ireland,21655.61
Household individual Consumption Expenditure (P.31)(Constant Price Seasonally Adjusted),2005Q2,Ireland,22235.11
Household individual Consumption Expenditure (P.31)(Constant Price Seasonally Adjusted),2005Q3,Ireland,22960.32
Household individual Consumption Expenditure (P.31)(Constant Price Seasonally Adjusted),2005Q4,Ireland,23094.74
Household individual Consumption Expenditure (P.31)(Constant Price Seasonally Adjusted),2006Q1,Ireland,23229.17
Household individual Consumption Expenditure (P.31)(Constant Price Seasonally Adjusted),2006Q2,Ireland,23798.98
Household individual Consumption Expenditure (P.31)(Constant Price Seasonally Adjusted),2006Q3,Ireland,23967.35
Household individual Consumption Expenditure (P.31)(Constant Price Seasonally Adjusted),2006Q4,Ireland,24433.8
Household individual Consumption Expenditure (P.31)(Constant Price Seasonally Adjusted),2007Q1,Ireland,25083.21
Household individual Consumption Expenditure (P.31)(Constant Price Seasonally Adjusted),2007Q2,Ireland,25277.23
Household individual Consumption Expenditure (P.31)(Constant Price Seasonally Adjusted),2007Q3,Ireland,25539.87
Household individual Consumption Expenditure (P.31)(Constant Price Seasonally Adjusted),2007Q4,Ireland,25775.56
Household individual Consumption Expenditure (P.31)(Constant Price Seasonally Adjusted),2008Q1,Ireland,26139.69
Household individual Consumption Expenditure (P.31)(Constant Price Seasonally Adjusted),2008Q2,Ireland,25517.92
Household individual Consumption Expenditure (P.31)(Constant Price Seasonally Adjusted),2008Q3,Ireland,25621.97
Household individual Consumption Expenditure (P.31)(Constant Price Seasonally Adjusted),2008Q4,Ireland,25489.63
Household individual Consumption Expenditure (P.31)(Constant Price Seasonally Adjusted),2009Q1,Ireland,24760.0
Household individual Consumption Expenditure (P.31)(Constant Price Seasonally Adjusted),2009Q2,Ireland,24579.45
Household individual Consumption Expenditure (P.31)(Constant Price Seasonally Adjusted),2009Q3,Ireland,24404.93
Household individual Consumption Expenditure (P.31)(Constant Price Seasonally Adjusted),2009Q4,Ireland,24453.4
Household individual Consumption Expenditure (P.31)(Constant Price Seasonally Adjusted),2010Q1,Ireland,24517.01
Household individual Consumption Expenditure (P.31)(Constant Price Seasonally Adjusted),2010Q2,Ireland,24618.0
Household individual Consumption Expenditure (P.31)(Constant Price Seasonally Adjusted),2010Q3,Ireland,24753.26
Household individual Consumption Expenditure (P.31)(Constant Price Seasonally Adjusted),2010Q4,Ireland,24526.19
Household individual Consumption Expenditure (P.31)(Constant Price Seasonally Adjusted),2011Q1,Ireland,24499.73
Household individual Consumption Expenditure (P.31)(Constant Price Seasonally Adjusted),2011Q2,Ireland,24384.35
Household individual Consumption Expenditure (P.31)(Constant Price Seasonally Adjusted),2011Q3,Ireland,23963.83
Household individual Consumption Expenditure (P.31)(Constant Price Seasonally Adjusted),2011Q4,Ireland,24119.38
Household individual Consumption Expenditure (P.31)(Constant Price Seasonally Adjusted),2012Q1,Ireland,23775.63
Household individual Consumption Expenditure (P.31)(Constant Price Seasonally Adjusted),2012Q2,Ireland,23891.22
Household individual Consumption Expenditure (P.31)(Constant Price Seasonally Adjusted),2012Q3,Ireland,24212.13
Household individual Consumption Expenditure (P.31)(Constant Price Seasonally Adjusted),2012Q4,Ireland,24136.83
Household individual Consumption Expenditure (P.31)(Constant Price Seasonally Adjusted),2013Q1,Ireland,23929.75
Household individual Consumption Expenditure (P.31)(Constant Price Seasonally Adjusted),2013Q2,Ireland,23916.92
Household individual Consumption Expenditure (P.31)(Constant Price Seasonally Adjusted),2013Q3,Ireland,24094.41
Household individual Consumption Expenditure (P.31)(Constant Price Seasonally Adjusted),2013Q4,Ireland,24242.89
Household individual Consumption Expenditure (P.31)(Constant Price Seasonally Adjusted),2014Q1,Ireland,24196.76
Household individual Consumption Expenditure (P.31)(Constant Price Seasonally Adjusted),2014Q2,Ireland,24498.17
Household individual Consumption Expenditure (P.31)(Constant Price Seasonally Adjusted),2014Q3,Ireland,24589.42
Household individual Consumption Expenditure (P.31)(Constant Price Seasonally Adjusted),2014Q4,Ireland,25002.43
Household individual Consumption Expenditure (P.31)(Constant Price Seasonally Adjusted),2015Q1,Ireland,24803.1
Household individual Consumption Expenditure (P.31)(Constant Price Seasonally Adjusted),2015Q2,Ireland,25176.4
Household individual Consumption Expenditure (P.31)(Constant Price Seasonally Adjusted),2015Q3,Ireland,25495.77
Household individual Consumption Expenditure (P.31)(Constant Price Seasonally Adjusted),2015Q4,Ireland,25564.99
Household individual Consumption Expenditure (P.31)(Constant Price Seasonally Adjusted),2016Q1,Ireland,26260.33
Household individual Consumption Expenditure (P.31)(Constant Price Seasonally Adjusted),2016Q2,Ireland,26066.0
Household individual Consumption Expenditure (P.31)(Constant Price Seasonally Adjusted),2016Q3,Ireland,26124.09
Household individual Consumption Expenditure (P.31)(Constant Price Seasonally Adjusted),2016Q4,Ireland,26591.8
Household individual Consumption Expenditure (P.31)(Constant Price Seasonally Adjusted),2017Q1,Ireland,26797.0
Household individual Consumption Expenditure (P.31)(Constant Price Seasonally Adjusted),2017Q2,Ireland,26747.69
Household individual Consumption Expenditure (P.31)(Constant Price Seasonally Adjusted),2017Q3,Ireland,27203.35
Household individual Consumption Expenditure (P.31)(Constant Price Seasonally Adjusted),2017Q4,Ireland,27404.93
Household individual Consumption Expenditure (P.31)(Constant Price Seasonally Adjusted),2018Q1,Ireland,28048.64
Household individual Consumption Expenditure (P.31)(Constant Price Seasonally Adjusted),2018Q2,Ireland,28385.83
Household individual Consumption Expenditure (P.31)(Constant Price Seasonally Adjusted),2018Q3,Ireland,28435.75
Household individual Consumption Expenditure (P.31)(Constant Price Seasonally Adjusted),2018Q4,Ireland,28604.89
Household individual Consumption Expenditure (P.31)(Constant Price Seasonally Adjusted),2019Q1,Ireland,29002.27
Household individual Consumption Expenditure (P.31)(Constant Price Seasonally Adjusted),2019Q2,Ireland,29256.96
Household individual Consumption Expenditure (P.31)(Constant Price Seasonally Adjusted),2019Q3,Ireland,29041.77
Household individual Consumption Expenditure (P.31)(Constant Price Seasonally Adjusted),2019Q4,Ireland,29203.61
Household individual Consumption Expenditure (P.31)(Constant Price Seasonally Adjusted),2020Q1,Ireland,27486.27
Household individual Consumption Expenditure (P.31)(Constant Price Seasonally Adjusted),2020Q2,Ireland,23649.45
Household individual Consumption Expenditure (P.31)(Constant Price Seasonally Adjusted),2020Q3,Ireland,26851.98
Household individual Consumption Expenditure (P.31)(Constant Price Seasonally Adjusted),2020Q4,Ireland,26336.23
Household individual Consumption Expenditure (P.31)(Constant Price Seasonally Adjusted),2021Q1,Ireland,24955.73
Household individual Consumption Expenditure (P.31)(Constant Price Seasonally Adjusted),2021Q2,Ireland,28735.33
Household individual Consumption Expenditure (P.31)(Constant Price Seasonally Adjusted),2021Q3,Ireland,29778.73
Household individual Consumption Expenditure (P.31)(Constant Price Seasonally Adjusted),2021Q4,Ireland,29951.85
Household individual Consumption Expenditure (P.31)(Constant Price Seasonally Adjusted),2022Q1,Ireland,30158.41
Household individual Consumption Expenditure (P.31)(Constant Price Seasonally Adjusted),2022Q2,Ireland,31300.74
Household individual Consumption Expenditure (P.31)(Constant Price Seasonally Adjusted),2022Q3,Ireland,32070.6
Household individual Consumption Expenditure (P.31)(Constant Price Seasonally Adjusted),2022Q4,Ireland,32316.33
Household individual Consumption Expenditure (P.31)(Constant Price Seasonally Adjusted),2023Q1,Ireland,32383.0
Household individual Consumption Expenditure (P.31)(Constant Price Seasonally Adjusted),2023Q2,Ireland,32919.06
Household individual Consumption Expenditure (P.31)(Constant Price Seasonally Adjusted),2023Q3,Ireland,32648.43
Household individual Consumption Expenditure (P.31)(Constant Price Seasonally Adjusted),2023Q4,Ireland,33312.41
Household individual Consumption Expenditure (P.31)(Constant Price Seasonally Adjusted),2024Q1,Ireland,33452.15
Household individual Consumption Expenditure (P.31)(Constant Price Seasonally Adjusted),2024Q2,Ireland,33579.24
Household individual Consumption Expenditure (P.31)(Constant Price Seasonally Adjusted),2024Q3,Ireland,33258.7
Household individual Consumption Expenditure (P.31)(Constant Price Seasonally Adjusted),2024Q4,Ireland,34024.82
Household individual Consumption Expenditure (P.31)(Constant Price Seasonally Adjusted),2025Q1,Ireland,34290.3
Derived Saving (B.6g+D.8-P.31),1999Q1,Ireland,1519.35
Derived Saving (B.6g+D.8-P.31),1999Q2,Ireland,181.8
Derived Saving (B.6g+D.8-P.31),1999Q3,Ireland,1438.02
Derived Saving (B.6g+D.8-P.31),1999Q4,Ireland,139.87
Derived Saving (B.6g+D.8-P.31),2000Q1,Ireland,635.59
Derived Saving (B.6g+D.8-P.31),2000Q2,Ireland,513.74
Derived Saving (B.6g+D.8-P.31),2000Q3,Ireland,1424.66
Derived Saving (B.6g+D.8-P.31),2000Q4,Ireland,-596.13
Derived Saving (B.6g+D.8-P.31),2001Q1,Ireland,1312.94
Derived Saving (B.6g+D.8-P.31),2001Q2,Ireland,1488.35
Derived Saving (B.6g+D.8-P.31),2001Q3,Ireland,2330.89
Derived Saving (B.6g+D.8-P.31),2001Q4,Ireland,-277.02
Derived Saving (B.6g+D.8-P.31),2002Q1,Ireland,1005.97
Derived Saving (B.6g+D.8-P.31),2002Q2,Ireland,2073.92
Derived Saving (B.6g+D.8-P.31),2002Q3,Ireland,1859.09
Derived Saving (B.6g+D.8-P.31),2002Q4,Ireland,-707.89
Derived Saving (B.6g+D.8-P.31),2003Q1,Ireland,1365.87
Derived Saving (B.6g+D.8-P.31),2003Q2,Ireland,2209.45
Derived Saving (B.6g+D.8-P.31),2003Q3,Ireland,2290.64
Derived Saving (B.6g+D.8-P.31),2003Q4,Ireland,-268.34
Derived Saving (B.6g+D.8-P.31),2004Q1,Ireland,1609.45
Derived Saving (B.6g+D.8-P.31),2004Q2,Ireland,2600.85
Derived Saving (B.6g+D.8-P.31),2004Q3,Ireland,2672.02
Derived Saving (B.6g+D.8-P.31),2004Q4,Ireland,-70.16
Derived Saving (B.6g+D.8-P.31),2005Q1,Ireland,2553.8
Derived Saving (B.6g+D.8-P.31),2005Q2,Ireland,3597.55
Derived Saving (B.6g+D.8-P.31),2005Q3,Ireland,2488.51
Derived Saving (B.6g+D.8-P.31),2005Q4,Ireland,-422.29
Derived Saving (B.6g+D.8-P.31),2006Q1,Ireland,2566.26
Derived Saving (B.6g+D.8-P.31),2006Q2,Ireland,3812.61
Derived Saving (B.6g+D.8-P.31),2006Q3,Ireland,3011.58
Derived Saving (B.6g+D.8-P.31),2006Q4,Ireland,-1542.78
Derived Saving (B.6g+D.8-P.31),2007Q1,Ireland,1808.96
Derived Saving (B.6g+D.8-P.31),2007Q2,Ireland,3326.71
Derived Saving (B.6g+D.8-P.31),2007Q3,Ireland,3345.16
Derived Saving (B.6g+D.8-P.31),2007Q4,Ireland,-1072.4
Derived Saving (B.6g+D.8-P.31),2008Q1,Ireland,2386.76
Derived Saving (B.6g+D.8-P.31),2008Q2,Ireland,4893.36
Derived Saving (B.6g+D.8-P.31),2008Q3,Ireland,4426.85
Derived Saving (B.6g+D.8-P.31),2008Q4,Ireland,-16.21
Derived Saving (B.6g+D.8-P.31),2009Q1,Ireland,4042.39
Derived Saving (B.6g+D.8-P.31),2009Q2,Ireland,5107.61
Derived Saving (B.6g+D.8-P.31),2009Q3,Ireland,4944.14
Derived Saving (B.6g+D.8-P.31),2009Q4,Ireland,679.08
Derived Saving (B.6g+D.8-P.31),2010Q1,Ireland,3537.31
Derived Saving (B.6g+D.8-P.31),2010Q2,Ireland,4453.08
Derived Saving (B.6g+D.8-P.31),2010Q3,Ireland,3860.94
Derived Saving (B.6g+D.8-P.31),2010Q4,Ireland,390.73
Derived Saving (B.6g+D.8-P.31),2011Q1,Ireland,2711.82
Derived Saving (B.6g+D.8-P.31),2011Q2,Ireland,3580.54
Derived Saving (B.6g+D.8-P.31),2011Q3,Ireland,3586.36
Derived Saving (B.6g+D.8-P.31),2011Q4,Ireland,1500.66
Derived Saving (B.6g+D.8-P.31),2012Q1,Ireland,3542.82
Derived Saving (B.6g+D.8-P.31),2012Q2,Ireland,3991.71
Derived Saving (B.6g+D.8-P.31),2012Q3,Ireland,3977.6
Derived Saving (B.6g+D.8-P.31),2012Q4,Ireland,1884.73
Derived Saving (B.6g+D.8-P.31),2013Q1,Ireland,2780.12
Derived Saving (B.6g+D.8-P.31),2013Q2,Ireland,3937.61
Derived Saving (B.6g+D.8-P.31),2013Q3,Ireland,3303.07
Derived Saving (B.6g+D.8-P.31),2013Q4,Ireland,1326.13
Derived Saving (B.6g+D.8-P.31),2014Q1,Ireland,2908.51
Derived Saving (B.6g+D.8-P.31),2014Q2,Ireland,3519.91
Derived Saving (B.6g+D.8-P.31),2014Q3,Ireland,3110.02
Derived Saving (B.6g+D.8-P.31),2014Q4,Ireland,839.55
Derived Saving (B.6g+D.8-P.31),2015Q1,Ireland,2881.57
Derived Saving (B.6g+D.8-P.31),2015Q2,Ireland,4370.03
Derived Saving (B.6g+D.8-P.31),2015Q3,Ireland,3806.18
Derived Saving (B.6g+D.8-P.31),2015Q4,Ireland,941.93
Derived Saving (B.6g+D.8-P.31),2016Q1,Ireland,2543.06
Derived Saving (B.6g+D.8-P.31),2016Q2,Ireland,4044.71
Derived Saving (B.6g+D.8-P.31),2016Q3,Ireland,4532.32
Derived Saving (B.6g+D.8-P.31),2016Q4,Ireland,1146.29
Derived Saving (B.6g+D.8-P.31),2017Q1,Ireland,3558.49
Derived Saving (B.6g+D.8-P.31),2017Q2,Ireland,5022.36
Derived Saving (B.6g+D.8-P.31),2017Q3,Ireland,5083.99
Derived Saving (B.6g+D.8-P.31),2017Q4,Ireland,2023.19
Derived Saving (B.6g+D.8-P.31),2018Q1,Ireland,2968.4
Derived Saving (B.6g+D.8-P.31),2018Q2,Ireland,4843.66
Derived Saving (B.6g+D.8-P.31),2018Q3,Ireland,4857.14
Derived Saving (B.6g+D.8-P.31),2018Q4,Ireland,2004.79
Derived Saving (B.6g+D.8-P.31),2019Q1,Ireland,3870.26
Derived Saving (B.6g+D.8-P.31),2019Q2,Ireland,5392.56
Derived Saving (B.6g+D.8-P.31),2019Q3,Ireland,5044.01
Derived Saving (B.6g+D.8-P.31),2019Q4,Ireland,2883.23
Derived Saving (B.6g+D.8-P.31),2020Q1,Ireland,8072.64
Derived Saving (B.6g+D.8-P.31),2020Q2,Ireland,11973.8
Derived Saving (B.6g+D.8-P.31),2020Q3,Ireland,7450.55
Derived Saving (B.6g+D.8-P.31),2020Q4,Ireland,6084.65
Derived Saving (B.6g+D.8-P.31),2021Q1,Ireland,10125.77
Derived Saving (B.6g+D.8-P.31),2021Q2,Ireland,8750.1
Derived Saving (B.6g+D.8-P.31),2021Q3,Ireland,7825.79
Derived Saving (B.6g+D.8-P.31),2021Q4,Ireland,4018.79
Derived Saving (B.6g+D.8-P.31),2022Q1,Ireland,6396.58
Derived Saving (B.6g+D.8-P.31),2022Q2,Ireland,7273.9
Derived Saving (B.6g+D.8-P.31),2022Q3,Ireland,6835.17
Derived Saving (B.6g+D.8-P.31),2022Q4,Ireland,1934.78
Derived Saving (B.6g+D.8-P.31),2023Q1,Ireland,7443.23
Derived Saving (B.6g+D.8-P.31),2023Q2,Ireland,6662.81
Derived Saving (B.6g+D.8-P.31),2023Q3,Ireland,6892.64
Derived Saving (B.6g+D.8-P.31),2023Q4,Ireland,1484.24
Derived Saving (B.6g+D.8-P.31),2024Q1,Ireland,7881.98
Derived Saving (B.6g+D.8-P.31),2024Q2,Ireland,6203.19
Derived Saving (B.6g+D.8-P.31),2024Q3,Ireland,8169.83
Derived Saving (B.6g+D.8-P.31),2024Q4,Ireland,2853.07
Derived Saving (B.6g+D.8-P.31),2025Q1,Ireland,8223.26
Derived Saving (B.6g+D.8-P.31)(Seasonally Adjusted),1999Q1,Ireland,1341.72
Derived Saving (B.6g+D.8-P.31)(Seasonally Adjusted),1999Q2,Ireland,-2.96
Derived Saving (B.6g+D.8-P.31)(Seasonally Adjusted),1999Q3,Ireland,565.8
Derived Saving (B.6g+D.8-P.31)(Seasonally Adjusted),1999Q4,Ireland,1372.51
Derived Saving (B.6g+D.8-P.31)(Seasonally Adjusted),2000Q1,Ireland,490.07
Derived Saving (B.6g+D.8-P.31)(Seasonally Adjusted),2000Q2,Ireland,241.64
Derived Saving (B.6g+D.8-P.31)(Seasonally Adjusted),2000Q3,Ireland,509.04
Derived Saving (B.6g+D.8-P.31)(Seasonally Adjusted),2000Q4,Ireland,793.19
Derived Saving (B.6g+D.8-P.31)(Seasonally Adjusted),2001Q1,Ireland,1193.77
Derived Saving (B.6g+D.8-P.31)(Seasonally Adjusted),2001Q2,Ireland,1057.99
Derived Saving (B.6g+D.8-P.31)(Seasonally Adjusted),2001Q3,Ireland,1402.29
Derived Saving (B.6g+D.8-P.31)(Seasonally Adjusted),2001Q4,Ireland,1293.91
Derived Saving (B.6g+D.8-P.31)(Seasonally Adjusted),2002Q1,Ireland,919.86
Derived Saving (B.6g+D.8-P.31)(Seasonally Adjusted),2002Q2,Ireland,1401.67
Derived Saving (B.6g+D.8-P.31)(Seasonally Adjusted),2002Q3,Ireland,952.7
Derived Saving (B.6g+D.8-P.31)(Seasonally Adjusted),2002Q4,Ireland,1073.52
Derived Saving (B.6g+D.8-P.31)(Seasonally Adjusted),2003Q1,Ireland,1265.58
Derived Saving (B.6g+D.8-P.31)(Seasonally Adjusted),2003Q2,Ireland,1305.9
Derived Saving (B.6g+D.8-P.31)(Seasonally Adjusted),2003Q3,Ireland,1435.75
Derived Saving (B.6g+D.8-P.31)(Seasonally Adjusted),2003Q4,Ireland,1693.24
Derived Saving (B.6g+D.8-P.31)(Seasonally Adjusted),2004Q1,Ireland,1503.26
Derived Saving (B.6g+D.8-P.31)(Seasonally Adjusted),2004Q2,Ireland,1486.42
Derived Saving (B.6g+D.8-P.31)(Seasonally Adjusted),2004Q3,Ireland,1821.39
Derived Saving (B.6g+D.8-P.31)(Seasonally Adjusted),2004Q4,Ireland,2121.12
Derived Saving (B.6g+D.8-P.31)(Seasonally Adjusted),2005Q1,Ireland,2411.67
Derived Saving (B.6g+D.8-P.31)(Seasonally Adjusted),2005Q2,Ireland,2319.27
Derived Saving (B.6g+D.8-P.31)(Seasonally Adjusted),2005Q3,Ireland,1563.68
Derived Saving (B.6g+D.8-P.31)(Seasonally Adjusted),2005Q4,Ireland,2024.26
Derived Saving (B.6g+D.8-P.31)(Seasonally Adjusted),2006Q1,Ireland,2432.6
Derived Saving (B.6g+D.8-P.31)(Seasonally Adjusted),2006Q2,Ireland,2394.38
Derived Saving (B.6g+D.8-P.31)(Seasonally Adjusted),2006Q3,Ireland,1964.49
Derived Saving (B.6g+D.8-P.31)(Seasonally Adjusted),2006Q4,Ireland,1109.91
Derived Saving (B.6g+D.8-P.31)(Seasonally Adjusted),2007Q1,Ireland,1702.0
Derived Saving (B.6g+D.8-P.31)(Seasonally Adjusted),2007Q2,Ireland,1832.91
Derived Saving (B.6g+D.8-P.31)(Seasonally Adjusted),2007Q3,Ireland,2158.76
Derived Saving (B.6g+D.8-P.31)(Seasonally Adjusted),2007Q4,Ireland,1719.05
Derived Saving (B.6g+D.8-P.31)(Seasonally Adjusted),2008Q1,Ireland,2321.45
Derived Saving (B.6g+D.8-P.31)(Seasonally Adjusted),2008Q2,Ireland,3395.64
Derived Saving (B.6g+D.8-P.31)(Seasonally Adjusted),2008Q3,Ireland,3208.42
Derived Saving (B.6g+D.8-P.31)(Seasonally Adjusted),2008Q4,Ireland,2722.25
Derived Saving (B.6g+D.8-P.31)(Seasonally Adjusted),2009Q1,Ireland,3972.12
Derived Saving (B.6g+D.8-P.31)(Seasonally Adjusted),2009Q2,Ireland,3757.28
Derived Saving (B.6g+D.8-P.31)(Seasonally Adjusted),2009Q3,Ireland,3847.74
Derived Saving (B.6g+D.8-P.31)(Seasonally Adjusted),2009Q4,Ireland,3130.95
Derived Saving (B.6g+D.8-P.31)(Seasonally Adjusted),2010Q1,Ireland,3413.75
Derived Saving (B.6g+D.8-P.31)(Seasonally Adjusted),2010Q2,Ireland,3231.96
Derived Saving (B.6g+D.8-P.31)(Seasonally Adjusted),2010Q3,Ireland,2911.4
Derived Saving (B.6g+D.8-P.31)(Seasonally Adjusted),2010Q4,Ireland,2601.94
Derived Saving (B.6g+D.8-P.31)(Seasonally Adjusted),2011Q1,Ireland,2569.04
Derived Saving (B.6g+D.8-P.31)(Seasonally Adjusted),2011Q2,Ireland,2473.71
Derived Saving (B.6g+D.8-P.31)(Seasonally Adjusted),2011Q3,Ireland,2801.24
Derived Saving (B.6g+D.8-P.31)(Seasonally Adjusted),2011Q4,Ireland,3431.12
Derived Saving (B.6g+D.8-P.31)(Seasonally Adjusted),2012Q1,Ireland,3448.66
Derived Saving (B.6g+D.8-P.31)(Seasonally Adjusted),2012Q2,Ireland,2953.54
Derived Saving (B.6g+D.8-P.31)(Seasonally Adjusted),2012Q3,Ireland,3289.5
Derived Saving (B.6g+D.8-P.31)(Seasonally Adjusted),2012Q4,Ireland,3631.18
Derived Saving (B.6g+D.8-P.31)(Seasonally Adjusted),2013Q1,Ireland,2775.08
Derived Saving (B.6g+D.8-P.31)(Seasonally Adjusted),2013Q2,Ireland,2889.61
Derived Saving (B.6g+D.8-P.31)(Seasonally Adjusted),2013Q3,Ireland,2655.32
Derived Saving (B.6g+D.8-P.31)(Seasonally Adjusted),2013Q4,Ireland,3001.53
Derived Saving (B.6g+D.8-P.31)(Seasonally Adjusted),2014Q1,Ireland,2956.65
Derived Saving (B.6g+D.8-P.31)(Seasonally Adjusted),2014Q2,Ireland,2465.84
Derived Saving (B.6g+D.8-P.31)(Seasonally Adjusted),2014Q3,Ireland,2381.7
Derived Saving (B.6g+D.8-P.31)(Seasonally Adjusted),2014Q4,Ireland,2584.35
Derived Saving (B.6g+D.8-P.31)(Seasonally Adjusted),2015Q1,Ireland,2986.64
Derived Saving (B.6g+D.8-P.31)(Seasonally Adjusted),2015Q2,Ireland,3289.43
Derived Saving (B.6g+D.8-P.31)(Seasonally Adjusted),2015Q3,Ireland,2960.29
Derived Saving (B.6g+D.8-P.31)(Seasonally Adjusted),2015Q4,Ireland,2757.37
Derived Saving (B.6g+D.8-P.31)(Seasonally Adjusted),2016Q1,Ireland,2691.76
Derived Saving (B.6g+D.8-P.31)(Seasonally Adjusted),2016Q2,Ireland,2968.57
Derived Saving (B.6g+D.8-P.31)(Seasonally Adjusted),2016Q3,Ireland,3553.27
Derived Saving (B.6g+D.8-P.31)(Seasonally Adjusted),2016Q4,Ireland,3026.9
Derived Saving (B.6g+D.8-P.31)(Seasonally Adjusted),2017Q1,Ireland,3789.69
Derived Saving (B.6g+D.8-P.31)(Seasonally Adjusted),2017Q2,Ireland,3898.7
Derived Saving (B.6g+D.8-P.31)(Seasonally Adjusted),2017Q3,Ireland,4076.78
Derived Saving (B.6g+D.8-P.31)(Seasonally Adjusted),2017Q4,Ireland,3910.02
Derived Saving (B.6g+D.8-P.31)(Seasonally Adjusted),2018Q1,Ireland,3254.43
Derived Saving (B.6g+D.8-P.31)(Seasonally Adjusted),2018Q2,Ireland,3612.85
Derived Saving (B.6g+D.8-P.31)(Seasonally Adjusted),2018Q3,Ireland,3887.18
Derived Saving (B.6g+D.8-P.31)(Seasonally Adjusted),2018Q4,Ireland,3965.81
Derived Saving (B.6g+D.8-P.31)(Seasonally Adjusted),2019Q1,Ireland,4098.04
Derived Saving (B.6g+D.8-P.31)(Seasonally Adjusted),2019Q2,Ireland,4082.18
Derived Saving (B.6g+D.8-P.31)(Seasonally Adjusted),2019Q3,Ireland,4143.2
Derived Saving (B.6g+D.8-P.31)(Seasonally Adjusted),2019Q4,Ireland,4935.8
Derived Saving (B.6g+D.8-P.31)(Seasonally Adjusted),2020Q1,Ireland,8261.97
Derived Saving (B.6g+D.8-P.31)(Seasonally Adjusted),2020Q2,Ireland,10762.29
Derived Saving (B.6g+D.8-P.31)(Seasonally Adjusted),2020Q3,Ireland,6530.13
Derived Saving (B.6g+D.8-P.31)(Seasonally Adjusted),2020Q4,Ireland,8229.96
Derived Saving (B.6g+D.8-P.31)(Seasonally Adjusted),2021Q1,Ireland,10205.89
Derived Saving (B.6g+D.8-P.31)(Seasonally Adjusted),2021Q2,Ireland,7456.6
Derived Saving (B.6g+D.8-P.31)(Seasonally Adjusted),2021Q3,Ireland,6806.42
Derived Saving (B.6g+D.8-P.31)(Seasonally Adjusted),2021Q4,Ireland,6717.58
Derived Saving (B.6g+D.8-P.31)(Seasonally Adjusted),2022Q1,Ireland,5900.78
Derived Saving (B.6g+D.8-P.31)(Seasonally Adjusted),2022Q2,Ireland,6055.53
Derived Saving (B.6g+D.8-P.31)(Seasonally Adjusted),2022Q3,Ireland,5656.08
Derived Saving (B.6g+D.8-P.31)(Seasonally Adjusted),2022Q4,Ireland,5241.31
Derived Saving (B.6g+D.8-P.31)(Seasonally Adjusted),2023Q1,Ireland,6324.08
Derived Saving (B.6g+D.8-P.31)(Seasonally Adjusted),2023Q2,Ireland,5741.25
Derived Saving (B.6g+D.8-P.31)(Seasonally Adjusted),2023Q3,Ireland,5510.21
Derived Saving (B.6g+D.8-P.31)(Seasonally Adjusted),2023Q4,Ireland,5197.43
Derived Saving (B.6g+D.8-P.31)(Seasonally Adjusted),2024Q1,Ireland,6323.46
Derived Saving (B.6g+D.8-P.31)(Seasonally Adjusted),2024Q2,Ireland,5544.68
Derived Saving (B.6g+D.8-P.31)(Seasonally Adjusted),2024Q3,Ireland,6628.09
Derived Saving (B.6g+D.8-P.31)(Seasonally Adjusted),2024Q4,Ireland,6732.53
Derived Saving (B.6g+D.8-P.31)(Seasonally Adjusted),2025Q1,Ireland,6426.23
Saving Ratio,1999Q1,Ireland,12.8
Saving Ratio,1999Q2,Ireland,1.71
Saving Ratio,1999Q3,Ireland,11.36
Saving Ratio,1999Q4,Ireland,1.15
Saving Ratio,2000Q1,Ireland,5.06
Saving Ratio,2000Q2,Ireland,3.97
Saving Ratio,2000Q3,Ireland,10.17
Saving Ratio,2000Q4,Ireland,-4.45
Saving Ratio,2001Q1,Ireland,9.05
Saving Ratio,2001Q2,Ireland,9.86
Saving Ratio,2001Q3,Ireland,14.57
Saving Ratio,2001Q4,Ireland,-1.86
Saving Ratio,2002Q1,Ireland,6.52
Saving Ratio,2002Q2,Ireland,12.39
Saving Ratio,2002Q3,Ireland,11.0
Saving Ratio,2002Q4,Ireland,-4.49
Saving Ratio,2003Q1,Ireland,8.0
Saving Ratio,2003Q2,Ireland,12.22
Saving Ratio,2003Q3,Ireland,12.66
Saving Ratio,2003Q4,Ireland,-1.57
Saving Ratio,2004Q1,Ireland,8.85
Saving Ratio,2004Q2,Ireland,13.5
Saving Ratio,2004Q3,Ireland,13.73
Saving Ratio,2004Q4,Ireland,-0.38
Saving Ratio,2005Q1,Ireland,12.78
Saving Ratio,2005Q2,Ireland,16.68
Saving Ratio,2005Q3,Ireland,11.76
Saving Ratio,2005Q4,Ireland,-2.13
Saving Ratio,2006Q1,Ireland,11.73
Saving Ratio,2006Q2,Ireland,16.11
Saving Ratio,2006Q3,Ireland,13.17
Saving Ratio,2006Q4,Ireland,-7.53
Saving Ratio,2007Q1,Ireland,7.73
Saving Ratio,2007Q2,Ireland,13.28
Saving Ratio,2007Q3,Ireland,13.33
Saving Ratio,2007Q4,Ireland,-4.68
Saving Ratio,2008Q1,Ireland,9.4
Saving Ratio,2008Q2,Ireland,18.12
Saving Ratio,2008Q3,Ireland,16.86
Saving Ratio,2008Q4,Ireland,-0.07
Saving Ratio,2009Q1,Ireland,16.47
Saving Ratio,2009Q2,Ireland,20.64
Saving Ratio,2009Q3,Ireland,20.62
Saving Ratio,2009Q4,Ireland,3.14
Saving Ratio,2010Q1,Ireland,15.19
Saving Ratio,2010Q2,Ireland,18.68
Saving Ratio,2010Q3,Ireland,16.77
Saving Ratio,2010Q4,Ireland,1.81
Saving Ratio,2011Q1,Ireland,12.03
Saving Ratio,2011Q2,Ireland,15.46
Saving Ratio,2011Q3,Ireland,15.94
Saving Ratio,2011Q4,Ireland,6.72
Saving Ratio,2012Q1,Ireland,15.37
Saving Ratio,2012Q2,Ireland,17.05
Saving Ratio,2012Q3,Ireland,16.99
Saving Ratio,2012Q4,Ireland,8.2
Saving Ratio,2013Q1,Ireland,12.24
Saving Ratio,2013Q2,Ireland,16.71
Saving Ratio,2013Q3,Ireland,14.35
Saving Ratio,2013Q4,Ireland,5.8
Saving Ratio,2014Q1,Ireland,12.5
Saving Ratio,2014Q2,Ireland,14.74
Saving Ratio,2014Q3,Ireland,13.2
Saving Ratio,2014Q4,Ireland,3.59
Saving Ratio,2015Q1,Ireland,12.02
Saving Ratio,2015Q2,Ireland,17.2
Saving Ratio,2015Q3,Ireland,15.04
Saving Ratio,2015Q4,Ireland,3.9
Saving Ratio,2016Q1,Ireland,10.1
Saving Ratio,2016Q2,Ireland,15.54
Saving Ratio,2016Q3,Ireland,16.98
Saving Ratio,2016Q4,Ireland,4.52
Saving Ratio,2017Q1,Ireland,13.21
Saving Ratio,2017Q2,Ireland,18.04
Saving Ratio,2017Q3,Ireland,17.91
Saving Ratio,2017Q4,Ireland,7.42
Saving Ratio,2018Q1,Ireland,10.71
Saving Ratio,2018Q2,Ireland,16.47
Saving Ratio,2018Q3,Ireland,16.35
Saving Ratio,2018Q4,Ireland,6.97
Saving Ratio,2019Q1,Ireland,12.98
Saving Ratio,2019Q2,Ireland,17.28
Saving Ratio,2019Q3,Ireland,16.33
Saving Ratio,2019Q4,Ireland,9.4
Saving Ratio,2020Q1,Ireland,24.57
Saving Ratio,2020Q2,Ireland,36.82
Saving Ratio,2020Q3,Ireland,23.64
Saving Ratio,2020Q4,Ireland,19.52
Saving Ratio,2021Q1,Ireland,31.3
Saving Ratio,2021Q2,Ireland,25.24
Saving Ratio,2021Q3,Ireland,22.08
Saving Ratio,2021Q4,Ireland,11.79
Saving Ratio,2022Q1,Ireland,18.25
Saving Ratio,2022Q2,Ireland,19.22
Saving Ratio,2022Q3,Ireland,17.75
Saving Ratio,2022Q4,Ireland,5.22
Saving Ratio,2023Q1,Ireland,18.63
Saving Ratio,2023Q2,Ireland,15.91
Saving Ratio,2023Q3,Ireland,16.27
Saving Ratio,2023Q4,Ireland,3.63
Saving Ratio,2024Q1,Ireland,18.06
Saving Ratio,2024Q2,Ireland,14.08
Saving Ratio,2024Q3,Ireland,18.05
Saving Ratio,2024Q4,Ireland,6.44
Saving Ratio,2025Q1,Ireland,17.9
Saving Ratio (Seasonally Adjusted),1999Q1,Ireland,11.21
Saving Ratio (Seasonally Adjusted),1999Q2,Ireland,-0.03
Saving Ratio (Seasonally Adjusted),1999Q3,Ireland,4.7
Saving Ratio (Seasonally Adjusted),1999Q4,Ireland,10.77
Saving Ratio (Seasonally Adjusted),2000Q1,Ireland,3.87
Saving Ratio (Seasonally Adjusted),2000Q2,Ireland,1.88
Saving Ratio (Seasonally Adjusted),2000Q3,Ireland,3.8
Saving Ratio (Seasonally Adjusted),2000Q4,Ireland,5.65
Saving Ratio (Seasonally Adjusted),2001Q1,Ireland,8.16
Saving Ratio (Seasonally Adjusted),2001Q2,Ireland,7.12
Saving Ratio (Seasonally Adjusted),2001Q3,Ireland,9.1
Saving Ratio (Seasonally Adjusted),2001Q4,Ireland,8.26
Saving Ratio (Seasonally Adjusted),2002Q1,Ireland,5.9
Saving Ratio (Seasonally Adjusted),2002Q2,Ireland,8.6
Saving Ratio (Seasonally Adjusted),2002Q3,Ireland,5.82
Saving Ratio (Seasonally Adjusted),2002Q4,Ireland,6.44
Saving Ratio (Seasonally Adjusted),2003Q1,Ireland,7.36
Saving Ratio (Seasonally Adjusted),2003Q2,Ireland,7.49
Saving Ratio (Seasonally Adjusted),2003Q3,Ireland,8.15
Saving Ratio (Seasonally Adjusted),2003Q4,Ireland,9.32
Saving Ratio (Seasonally Adjusted),2004Q1,Ireland,8.21
Saving Ratio (Seasonally Adjusted),2004Q2,Ireland,8.07
Saving Ratio (Seasonally Adjusted),2004Q3,Ireland,9.57
Saving Ratio (Seasonally Adjusted),2004Q4,Ireland,10.85
Saving Ratio (Seasonally Adjusted),2005Q1,Ireland,12.02
Saving Ratio (Seasonally Adjusted),2005Q2,Ireland,11.28
Saving Ratio (Seasonally Adjusted),2005Q3,Ireland,7.54
Saving Ratio (Seasonally Adjusted),2005Q4,Ireland,9.53
Saving Ratio (Seasonally Adjusted),2006Q1,Ireland,11.09
Saving Ratio (Seasonally Adjusted),2006Q2,Ireland,10.61
Saving Ratio (Seasonally Adjusted),2006Q3,Ireland,8.76
Saving Ratio (Seasonally Adjusted),2006Q4,Ireland,5.04
Saving Ratio (Seasonally Adjusted),2007Q1,Ireland,7.27
Saving Ratio (Seasonally Adjusted),2007Q2,Ireland,7.65
Saving Ratio (Seasonally Adjusted),2007Q3,Ireland,8.76
Saving Ratio (Seasonally Adjusted),2007Q4,Ireland,7.02
Saving Ratio (Seasonally Adjusted),2008Q1,Ireland,9.16
Saving Ratio (Seasonally Adjusted),2008Q2,Ireland,13.08
Saving Ratio (Seasonally Adjusted),2008Q3,Ireland,12.43
Saving Ratio (Seasonally Adjusted),2008Q4,Ireland,10.82
Saving Ratio (Seasonally Adjusted),2009Q1,Ireland,16.24
Saving Ratio (Seasonally Adjusted),2009Q2,Ireland,15.78
Saving Ratio (Seasonally Adjusted),2009Q3,Ireland,16.29
Saving Ratio (Seasonally Adjusted),2009Q4,Ireland,13.63
Saving Ratio (Seasonally Adjusted),2010Q1,Ireland,14.73
Saving Ratio (Seasonally Adjusted),2010Q2,Ireland,14.04
Saving Ratio (Seasonally Adjusted),2010Q3,Ireland,12.76
Saving Ratio (Seasonally Adjusted),2010Q4,Ireland,11.51
Saving Ratio (Seasonally Adjusted),2011Q1,Ireland,11.44
Saving Ratio (Seasonally Adjusted),2011Q2,Ireland,11.03
Saving Ratio (Seasonally Adjusted),2011Q3,Ireland,12.49
Saving Ratio (Seasonally Adjusted),2011Q4,Ireland,14.87
Saving Ratio (Seasonally Adjusted),2012Q1,Ireland,14.95
Saving Ratio (Seasonally Adjusted),2012Q2,Ireland,12.97
Saving Ratio (Seasonally Adjusted),2012Q3,Ireland,14.08
Saving Ratio (Seasonally Adjusted),2012Q4,Ireland,15.42
Saving Ratio (Seasonally Adjusted),2013Q1,Ireland,12.15
Saving Ratio (Seasonally Adjusted),2013Q2,Ireland,12.59
Saving Ratio (Seasonally Adjusted),2013Q3,Ireland,11.57
Saving Ratio (Seasonally Adjusted),2013Q4,Ireland,12.83
Saving Ratio (Seasonally Adjusted),2014Q1,Ireland,12.61
Saving Ratio (Seasonally Adjusted),2014Q2,Ireland,10.58
Saving Ratio (Seasonally Adjusted),2014Q3,Ireland,10.18
Saving Ratio (Seasonally Adjusted),2014Q4,Ireland,10.8
Saving Ratio (Seasonally Adjusted),2015Q1,Ireland,12.35
Saving Ratio (Seasonally Adjusted),2015Q2,Ireland,13.22
Saving Ratio (Seasonally Adjusted),2015Q3,Ireland,11.85
Saving Ratio (Seasonally Adjusted),2015Q4,Ireland,11.1
Saving Ratio (Seasonally Adjusted),2016Q1,Ireland,10.61
Saving Ratio (Seasonally Adjusted),2016Q2,Ireland,11.63
Saving Ratio (Seasonally Adjusted),2016Q3,Ireland,13.55
Saving Ratio (Seasonally Adjusted),2016Q4,Ireland,11.57
Saving Ratio (Seasonally Adjusted),2017Q1,Ireland,13.95
Saving Ratio (Seasonally Adjusted),2017Q2,Ireland,14.28
Saving Ratio (Seasonally Adjusted),2017Q3,Ireland,14.62
Saving Ratio (Seasonally Adjusted),2017Q4,Ireland,13.93
Saving Ratio (Seasonally Adjusted),2018Q1,Ireland,11.6
Saving Ratio (Seasonally Adjusted),2018Q2,Ireland,12.57
Saving Ratio (Seasonally Adjusted),2018Q3,Ireland,13.29
Saving Ratio (Seasonally Adjusted),2018Q4,Ireland,13.43
Saving Ratio (Seasonally Adjusted),2019Q1,Ireland,13.56
Saving Ratio (Seasonally Adjusted),2019Q2,Ireland,13.42
Saving Ratio (Seasonally Adjusted),2019Q3,Ireland,13.6
Saving Ratio (Seasonally Adjusted),2019Q4,Ireland,15.67
Saving Ratio (Seasonally Adjusted),2020Q1,Ireland,24.77
Saving Ratio (Seasonally Adjusted),2020Q2,Ireland,34.06
Saving Ratio (Seasonally Adjusted),2020Q3,Ireland,21.04
Saving Ratio (Seasonally Adjusted),2020Q4,Ireland,25.62
Saving Ratio (Seasonally Adjusted),2021Q1,Ireland,31.07
Saving Ratio (Seasonally Adjusted),2021Q2,Ireland,22.11
Saving Ratio (Seasonally Adjusted),2021Q3,Ireland,19.54
Saving Ratio (Seasonally Adjusted),2021Q4,Ireland,19.08
Saving Ratio (Seasonally Adjusted),2022Q1,Ireland,16.64
Saving Ratio (Seasonally Adjusted),2022Q2,Ireland,16.4
Saving Ratio (Seasonally Adjusted),2022Q3,Ireland,14.96
Saving Ratio (Seasonally Adjusted),2022Q4,Ireland,13.66
Saving Ratio (Seasonally Adjusted),2023Q1,Ireland,15.74
Saving Ratio (Seasonally Adjusted),2023Q2,Ireland,13.98
Saving Ratio (Seasonally Adjusted),2023Q3,Ireland,13.23
Saving Ratio (Seasonally Adjusted),2023Q4,Ireland,12.3
Saving Ratio (Seasonally Adjusted),2024Q1,Ireland,14.46
Saving Ratio (Seasonally Adjusted),2024Q2,Ireland,12.78
Saving Ratio (Seasonally Adjusted),2024Q3,Ireland,14.87
Saving Ratio (Seasonally Adjusted),2024Q4,Ireland,14.77
Saving Ratio (Seasonally Adjusted),2025Q1,Ireland,13.99
